game,round,pu_after,territories_after
1,1,14,3
1,2,18,5
1,3,18,4
1,4,20,6
1,5,24,8
1,6,26,8
1,7,26,9
1,8,26,9
1,9,41,9
1,10,39,8
1,11,24,7
1,12,26,8
1,13,24,8
1,14,26,9
1,15,41,10
1,16,45,11
1,17,45,12
1,18,47,11
1,19,45,12
1,20,49,13
1,21,56,14
1,22,61,14
1,23,46,13
1,24,57,14
1,25,63,16
1,26,63,17
1,27,67,19
1,28,71,20
1,29,93,22
1,30,81,21
1,31,68,20
1,32,68,22
1,33,83,22
1,34,83,23
1,35,87,25
1,36,93,28
1,37,93,28
1,38,113,29
2,1,16,4
2,2,20,6
2,3,22,6
2,4,22,6
2,5,22,7
2,6,24,8
2,7,24,8
2,8,39,8
2,9,37,8
2,10,39,9
2,11,39,8
2,12,37,8
2,13,39,9
2,14,41,9
2,15,28,10
2,16,72,14
2,17,44,11
2,18,40,11
2,19,42,12
2,20,55,11
2,21,55,13
2,22,57,13
2,23,59,13
2,24,55,11
2,25,57,11
2,26,55,12
2,27,53,10
2,28,40,11
2,29,44,12
2,30,42,13
2,31,46,14
2,32,46,13
2,33,59,14
2,34,61,16
2,35,63,17
2,36,67,17
2,37,67,19
2,38,73,22
2,39,97,24
2,40,89,26
2,41,113,27
3,1,16,4
3,2,20,6
3,3,22,7
3,4,24,7
3,5,22,6
3,6,22,6
3,7,20,5
3,8,18,4
3,9,18,5
3,10,22,6
3,11,24,7
3,12,24,7
3,13,37,7
3,14,37,5
3,15,33,2
3,16,12,2
3,17,14,3
3,18,20,5
3,19,22,6
3,20,22,5
3,21,33,5
3,22,35,5
3,23,20,5
3,24,22,5
3,25,20,5
3,26,20,4
3,27,0,1
3,28,0,0
3,29,0,0
3,30,0,0
3,31,0,0
3,32,0,0
4,1,14,3
4,2,18,5
4,3,20,6
4,4,20,5
4,5,20,6
4,6,20,6
4,7,22,7
4,8,24,7
4,9,37,5
4,10,20,5
4,11,18,4
4,12,20,6
4,13,24,6
4,14,22,5
4,15,18,4
4,16,18,3
4,17,0,2
4,18,0,2
4,19,0,2
4,20,0,1
4,21,0,1
4,22,0,0
4,23,0,0
4,24,0,0
4,25,0,0
4,26,0,0
4,27,0,0
4,28,0,0
4,29,0,0
4,30,0,0
4,31,0,0
4,32,0,0
4,33,0,0
4,34,0,0
4,35,0,0
5,1,16,4
5,2,22,7
5,3,26,9
5,4,26,9
5,5,26,8
5,6,26,9
5,7,28,10
5,8,28,9
5,9,41,10
5,10,43,9
5,11,43,10
5,12,45,10
5,13,43,9
5,14,43,11
5,15,45,11
5,16,45,10
5,17,30,10
5,18,28,9
5,19,32,10
5,20,28,10
5,21,45,12
5,22,51,13
5,23,49,11
5,24,45,11
5,25,32,9
5,26,26,8
5,27,26,8
5,28,39,9
5,29,47,11
5,30,45,9
5,31,41,9
5,32,26,6
5,33,20,3
5,34,16,4
5,35,18,4
5,36,18,4
5,37,16,1
5,38,10,1
5,39,0,0
6,1,14,3
6,2,14,3
6,3,18,5
6,4,20,5
6,5,20,6
6,6,22,6
6,7,22,7
6,8,22,7
6,9,24,8
6,10,28,9
6,11,28,9
6,12,26,8
6,13,24,6
6,14,20,4
6,15,16,3
6,16,0,2
6,17,0,3
6,18,0,3
6,19,0,2
6,20,0,0
6,21,0,0
6,22,0,0
6,23,0,0
6,24,0,0
6,25,0,0
6,26,0,0
6,27,0,0
6,28,0,0
6,29,0,0
6,30,0,0
6,31,0,0
6,32,0,0
6,33,0,0
6,34,0,0
6,35,0,0
6,36,0,0
6,37,0,0
6,38,0,0
7,1,16,4
7,2,18,5
7,3,18,4
7,4,18,4
7,5,18,5
7,6,18,3
7,7,16,3
7,8,16,4
7,9,18,4
7,10,16,3
7,11,14,2
7,12,12,2
7,13,14,2
7,14,12,2
7,15,14,3
7,16,14,3
7,17,18,4
7,18,16,2
7,19,14,3
7,20,14,3
7,21,14,2
7,22,12,2
7,23,12,1
7,24,0,0
7,25,0,0
7,26,0,0
7,27,0,0
7,28,0,0
7,29,0,0
7,30,0,0
7,31,0,0
7,32,0,0
7,33,0,0
7,34,0,0
7,35,0,0
7,36,0,0
7,37,0,0
7,38,0,0
7,39,0,0
7,40,0,0
7,41,0,0
8,1,16,4
8,2,18,5
8,3,18,5
8,4,18,5
8,5,18,5
8,6,20,5
8,7,18,5
8,8,20,5
8,9,20,5
8,10,18,4
8,11,16,3
8,12,14,3
8,13,14,2
8,14,12,1
8,15,10,1
8,16,10,1
8,17,12,2
8,18,14,3
8,19,18,4
8,20,18,4
8,21,18,4
8,22,16,3
8,23,0,0
8,24,0,0
8,25,0,0
8,26,0,0
8,27,0,0
9,1,16,4
9,2,18,5
9,3,22,7
9,4,24,8
9,5,26,7
9,6,22,6
9,7,35,6
9,8,22,7
9,9,24,8
9,10,24,7
9,11,24,6
9,12,20,5
9,13,20,4
9,14,31,2
9,15,12,1
9,16,0,0
9,17,0,0
9,18,0,0
9,19,0,0
9,20,0,0
9,21,0,0
9,22,0,0
9,23,0,0
9,24,0,0
9,25,0,0
9,26,0,0
9,27,0,0
9,28,0,0
9,29,0,0
9,30,0,0
9,31,0,0
9,32,0,0
9,33,0,0
9,34,0,0
9,35,0,0
9,36,0,0
9,37,0,0
9,38,0,0
9,39,0,0
10,1,16,4
10,2,18,5
10,3,18,5
10,4,18,4
10,5,16,4
10,6,16,4
10,7,16,4
10,8,16,4
10,9,16,4
10,10,16,4
10,11,16,4
10,12,16,4
10,13,16,4
10,14,16,4
10,15,16,4
10,16,16,4
10,17,16,4
10,18,16,4
10,19,16,4
10,20,16,4
10,21,16,4
10,22,16,4
10,23,16,4
10,24,18,5
10,25,20,6
10,26,22,7
10,27,24,7
10,28,24,7
10,29,24,6
10,30,22,6
10,31,24,8
10,32,30,10
10,33,45,12
10,34,49,13
10,35,51,12
10,36,47,9
10,37,39,7
10,38,39,8
10,39,41,9
10,40,39,7
10,41,37,8
10,42,39,7
10,43,22,6
10,44,24,7
10,45,24,6
10,46,22,6
10,47,20,6
10,48,20,5
10,49,20,6
10,50,22,7
10,51,22,7
10,52,22,7
10,53,22,7
10,54,22,7
10,55,22,6
10,56,22,6
10,57,20,5
10,58,0,3
10,59,0,3
10,60,0,2
10,61,0,2
10,62,0,1
10,63,0,1
10,64,0,0
10,65,0,0
10,66,0,0
10,67,0,0
10,68,0,0
10,69,0,0
10,70,0,0
10,71,0,0
10,72,0,0
10,73,0,0
10,74,0,0
10,75,0,0
10,76,0,0
11,1,16,4
11,2,18,5
11,3,18,5
11,4,20,6
11,5,20,6
11,6,20,5
11,7,20,6
11,8,20,6
11,9,22,5
11,10,20,5
11,11,20,6
11,12,22,5
11,13,18,2
11,14,12,1
11,15,10,1
11,16,10,1
11,17,10,1
11,18,0,0
11,19,0,0
11,20,0,0
11,21,0,0
11,22,0,0
11,23,0,0
11,24,0,0
11,25,0,0
11,26,0,0
11,27,0,0
11,28,0,0
11,29,0,0
11,30,0,0
11,31,0,0
11,32,0,0
11,33,0,0
11,34,0,0
12,1,16,4
12,2,20,6
12,3,24,7
12,4,22,6
12,5,20,6
12,6,22,6
12,7,20,5
12,8,22,7
12,9,37,6
12,10,41,7
12,11,35,4
12,12,20,6
12,13,22,7
12,14,26,7
12,15,22,6
12,16,35,7
12,17,35,5
12,18,20,5
12,19,22,6
12,20,20,5
12,21,22,6
12,22,37,6
12,23,39,8
12,24,41,7
12,25,39,7
12,26,24,6
12,27,20,3
12,28,14,2
12,29,12,1
12,30,12,2
12,31,16,4
12,32,20,6
12,33,22,6
12,34,22,4
12,35,16,2
12,36,12,1
12,37,0,0
12,38,0,0
12,39,0,0
12,40,0,0
12,41,0,0
12,42,0,0
12,43,0,0
12,44,0,0
12,45,0,0
13,1,16,4
13,2,22,7
13,3,24,8
13,4,24,8
13,5,41,9
13,6,41,7
13,7,24,7
13,8,24,8
13,9,24,7
13,10,24,8
13,11,26,8
13,12,28,10
13,13,32,12
13,14,32,10
13,15,43,10
13,16,47,12
13,17,49,11
13,18,45,11
13,19,32,9
13,20,26,8
13,21,28,10
13,22,65,12
13,23,59,13
13,24,57,11
13,25,45,9
13,26,28,10
13,27,30,8
13,28,24,6
13,29,20,3
13,30,14,1
13,31,0,0
14,1,14,3
14,2,18,5
14,3,20,6
14,4,22,7
14,5,22,6
14,6,20,6
14,7,20,5
14,8,22,6
14,9,22,6
14,10,37,7
14,11,39,6
14,12,39,9
14,13,41,9
14,14,45,11
14,15,32,10
14,16,28,8
14,17,26,7
14,18,24,8
14,19,24,6
14,20,20,4
14,21,18,3
14,22,14,3
14,23,14,2
14,24,0,0
14,25,0,0
14,26,0,0
14,27,0,0
14,28,0,0
15,1,16,4
15,2,22,7
15,3,22,7
15,4,22,5
15,5,20,5
15,6,18,5
15,7,18,5
15,8,18,4
15,9,18,4
15,10,16,3
15,11,16,4
15,12,18,5
15,13,18,3
15,14,16,3
15,15,18,5
15,16,18,5
15,17,20,5
15,18,18,3
15,19,14,1
15,20,10,1
15,21,10,1
15,22,0,0
15,23,0,0
15,24,0,0
15,25,0,0
15,26,0,0
15,27,0,0
15,28,0,0
16,1,16,4
16,2,16,4
16,3,16,4
16,4,16,4
16,5,16,4
16,6,16,4
16,7,16,4
16,8,18,5
16,9,20,6
16,10,20,6
16,11,20,6
16,12,20,6
16,13,22,6
16,14,20,6
16,15,22,6
16,16,35,6
16,17,33,6
16,18,35,4
16,19,16,3
16,20,14,3
16,21,16,4
16,22,16,4
16,23,18,5
16,24,20,6
16,25,20,5
16,26,18,4
16,27,20,5
16,28,18,5
16,29,20,6
16,30,22,7
16,31,24,6
16,32,20,4
16,33,16,3
16,34,18,5
16,35,18,5
16,36,18,5
16,37,18,5
16,38,20,6
16,39,24,7
16,40,24,8
16,41,24,7
16,42,22,6
16,43,20,5
16,44,20,6
16,45,22,6
16,46,22,5
16,47,20,5
16,48,18,5
16,49,18,3
16,50,18,4
16,51,20,6
16,52,22,6
16,53,20,5
16,54,18,4
16,55,18,4
16,56,16,3
16,57,0,2
17,1,16,4
17,2,20,6
17,3,24,7
17,4,26,8
17,5,24,6
17,6,35,7
17,7,35,7
17,8,39,8
17,9,26,7
17,10,22,7
17,11,26,9
17,12,45,12
17,13,53,15
17,14,55,13
17,15,49,12
17,16,47,10
17,17,30,10
17,18,32,12
17,19,36,11
17,20,30,8
17,21,41,10
17,22,45,12
17,23,47,11
17,24,43,11
17,25,45,11
17,26,45,9
17,27,41,9
17,28,39,7
17,29,24,8
17,30,24,7
17,31,22,6
17,32,20,4
17,33,16,3
17,34,16,4
17,35,18,5
17,36,22,7
17,37,26,8
17,38,41,10
17,39,45,10
17,40,28,8
17,41,26,8
17,42,24,4
17,43,18,3
17,44,14,1
17,45,10,1
17,46,12,2
17,47,14,1
17,48,0,0
18,1,16,4
18,2,20,6
18,3,20,5
18,4,20,6
18,5,22,7
18,6,24,7
18,7,24,8
18,8,24,8
18,9,26,7
18,10,37,5
18,11,33,5
18,12,35,4
18,13,16,1
18,14,12,2
18,15,18,5
18,16,22,7
18,17,26,8
18,18,24,8
18,19,39,8
18,20,39,7
18,21,35,6
18,22,33,4
18,23,29,3
18,24,14,1
18,25,10,1
18,26,12,2
18,27,16,4
18,28,20,4
18,29,16,3
18,30,16,4
18,31,18,4
18,32,18,4
18,33,16,3
18,34,0,1
18,35,0,1
19,1,16,4
19,2,20,6
19,3,22,7
19,4,24,7
19,5,22,7
19,6,26,9
19,7,26,9
19,8,26,9
19,9,26,7
19,10,22,7
19,11,24,7
19,12,22,6
19,13,22,5
19,14,20,5
19,15,18,2
19,16,12,1
19,17,10,1
19,18,10,1
19,19,12,2
19,20,16,3
19,21,16,3
19,22,0,1
19,23,0,1
19,24,0,1
19,25,0,1
19,26,0,1
19,27,0,0
19,28,0,0
19,29,0,0
19,30,0,0
19,31,0,0
19,32,0,0
19,33,0,0
19,34,0,0
19,35,0,0
19,36,0,0
19,37,0,0
19,38,0,0
19,39,0,0
20,1,18,5
20,2,20,6
20,3,20,6
20,4,20,5
20,5,18,4
20,6,18,5
20,7,18,5
20,8,22,7
20,9,24,7
20,10,24,7
20,11,22,5
20,12,18,5
20,13,18,2
20,14,12,1
20,15,10,1
20,16,16,4
20,17,16,3
20,18,16,3
20,19,16,4
20,20,18,4
20,21,18,4
20,22,16,3
20,23,16,4
20,24,16,4
20,25,16,3
20,26,14,3
20,27,14,2
20,28,0,0
20,29,0,0
20,30,0,0
20,31,0,0
20,32,0,0
20,33,0,0
20,34,0,0
20,35,0,0
20,36,0,0
20,37,0,0
20,38,0,0
20,39,0,0
20,40,0,0
20,41,0,0
20,42,0,0
20,43,0,0
20,44,0,0
20,45,0,0
20,46,0,0
20,47,0,0
20,48,0,0
20,49,0,0
20,50,0,0
20,51,0,0
20,52,0,0
20,53,0,0
20,54,0,0
21,1,16,4
21,2,18,4
21,3,20,6
21,4,20,6
21,5,22,7
21,6,26,7
21,7,37,5
21,8,18,4
21,9,16,4
21,10,20,6
21,11,37,7
21,12,39,7
21,13,22,7
21,14,24,8
21,15,26,7
21,16,24,7
21,17,22,7
21,18,24,8
21,19,41,8
21,20,24,5
21,21,18,3
21,22,16,4
21,23,20,6
21,24,24,7
21,25,26,7
21,26,22,6
21,27,22,5
21,28,20,5
21,29,35,6
21,30,22,6
21,31,22,6
21,32,22,6
21,33,22,6
21,34,20,5
21,35,20,5
21,36,22,7
21,37,39,8
21,38,41,9
21,39,28,8
21,40,24,6
21,41,20,5
21,42,20,5
21,43,18,5
21,44,20,5
21,45,20,6
21,46,20,5
21,47,33,5
21,48,33,5
21,49,33,6
21,50,35,6
21,51,24,6
21,52,20,3
21,53,16,3
21,54,0,2
21,55,0,1
21,56,0,1
21,57,0,0
21,58,0,0
21,59,0,0
22,1,16,4
22,2,20,6
22,3,22,6
22,4,22,7
22,5,24,8
22,6,24,8
22,7,26,7
22,8,22,6
22,9,22,7
22,10,24,7
22,11,22,7
22,12,22,6
22,13,22,7
22,14,24,7
22,15,22,6
22,16,20,5
22,17,18,5
22,18,22,6
22,19,22,6
22,20,20,4
22,21,16,3
22,22,16,3
22,23,16,4
22,24,20,5
22,25,22,5
22,26,18,4
22,27,16,3
22,28,0,0
22,29,0,0
22,30,0,0
22,31,0,0
22,32,0,0
22,33,0,0
22,34,0,0
22,35,0,0
22,36,0,0
22,37,0,0
22,38,0,0
22,39,0,0
22,40,0,0
22,41,0,0
22,42,0,0
22,43,0,0
22,44,0,0
22,45,0,0
22,46,0,0
22,47,0,0
22,48,0,0
22,49,0,0
22,50,0,0
22,51,0,0
22,52,0,0
22,53,0,0
22,54,0,0
22,55,0,0
22,56,0,0
22,57,0,0
22,58,0,0
22,59,0,0
22,60,0,0
22,61,0,0
22,62,0,0
22,63,0,0
22,64,0,0
23,1,16,4
23,2,18,5
23,3,20,6
23,4,37,7
23,5,39,8
23,6,39,7
23,7,22,4
23,8,20,6
23,9,22,7
23,10,24,7
23,11,24,7
23,12,22,7
23,13,24,6
23,14,22,7
23,15,24,6
23,16,22,4
23,17,18,2
23,18,0,0
23,19,0,0
23,20,0,0
23,21,0,0
23,22,0,0
23,23,0,0
23,24,0,0
23,25,0,0
23,26,0,0
23,27,0,0
23,28,0,0
23,29,0,0
23,30,0,0
23,31,0,0
23,32,0,0
23,33,0,0
23,34,0,0
23,35,0,0
23,36,0,0
23,37,0,0
23,38,0,0
23,39,0,0
23,40,0,0
23,41,0,0
23,42,0,0
23,43,0,0
24,1,14,3
24,2,18,5
24,3,20,6
24,4,24,8
24,5,26,8
24,6,26,9
24,7,26,8
24,8,24,8
24,9,26,8
24,10,26,8
24,11,26,5
24,12,22,6
24,13,22,6
24,14,20,4
24,15,18,4
24,16,18,5
24,17,35,7
24,18,39,8
24,19,39,8
24,20,39,7
24,21,22,6
24,22,24,8
24,23,39,7
24,24,39,9
24,25,39,8
24,26,39,7
24,27,28,10
24,28,28,8
24,29,39,7
24,30,43,9
24,31,45,10
24,32,43,7
24,33,24,6
24,34,22,7
24,35,28,9
24,36,26,8
24,37,26,9
24,38,43,10
24,39,30,9
24,40,28,8
24,41,24,6
24,42,37,8
24,43,41,10
24,44,47,12
24,45,49,12
24,46,34,10
24,47,52,13
24,48,44,12
24,49,42,11
24,50,42,11
24,51,38,8
24,52,32,7
24,53,0,3
24,54,0,0
25,1,16,4
25,2,16,4
25,3,18,5
25,4,18,5
25,5,18,5
25,6,18,5
25,7,18,4
25,8,16,3
25,9,18,5
25,10,33,5
25,11,18,3
25,12,14,3
25,13,16,3
25,14,16,4
25,15,16,3
25,16,14,2
25,17,16,4
25,18,16,4
25,19,20,4
25,20,18,4
25,21,18,4
25,22,16,2
25,23,12,2
25,24,0,0
25,25,0,0
25,26,0,0
25,27,0,0
25,28,0,0
25,29,0,0
25,30,0,0
25,31,0,0
25,32,0,0
25,33,0,0
25,34,0,0
25,35,0,0
25,36,0,0
25,37,0,0
25,38,0,0
25,39,0,0
25,40,0,0
25,41,0,0
25,42,0,0
26,1,16,4
26,2,18,5
26,3,20,5
26,4,20,6
26,5,22,7
26,6,22,7
26,7,24,8
26,8,26,8
26,9,24,8
26,10,24,7
26,11,22,7
26,12,39,9
26,13,43,10
26,14,43,11
26,15,45,11
26,16,43,10
26,17,30,9
26,18,30,11
26,19,32,10
26,20,50,10
26,21,55,13
26,22,57,13
26,23,59,15
26,24,63,17
26,25,67,19
26,26,93,22
26,27,85,24
26,28,87,25
26,29,115,27
27,1,16,4
27,2,20,6
27,3,22,6
27,4,22,7
27,5,26,8
27,6,24,7
27,7,22,7
27,8,24,8
27,9,26,9
27,10,28,10
27,11,43,11
27,12,47,12
27,13,49,12
27,14,49,14
27,15,51,14
27,16,49,11
27,17,43,9
27,18,41,8
27,19,26,9
27,20,32,10
27,21,34,12
27,22,34,12
27,23,34,12
27,24,75,13
27,25,46,14
27,26,63,14
27,27,63,15
27,28,50,15
27,29,50,14
27,30,50,16
27,31,50,16
27,32,52,16
27,33,63,17
27,34,65,18
27,35,71,20
27,36,69,18
27,37,69,19
27,38,71,21
27,39,77,24
27,40,117,27
27,41,93,28
27,42,103,29
28,1,16,4
28,2,18,5
28,3,18,5
28,4,18,5
28,5,20,6
28,6,22,7
28,7,24,7
28,8,22,6
28,9,20,5
28,10,18,5
28,11,18,5
28,12,18,5
28,13,18,5
28,14,20,6
28,15,20,5
28,16,18,5
28,17,18,5
28,18,18,5
28,19,22,7
28,20,24,7
28,21,22,7
28,22,26,8
28,23,24,8
28,24,24,6
28,25,22,6
28,26,20,4
28,27,33,5
28,28,33,6
28,29,33,5
28,30,35,4
28,31,29,2
28,32,14,2
28,33,18,4
28,34,18,5
28,35,18,3
28,36,14,3
28,37,14,3
28,38,14,3
28,39,18,5
28,40,20,6
28,41,22,6
28,42,22,7
28,43,24,8
28,44,24,7
28,45,22,7
28,46,22,7
28,47,22,7
28,48,24,6
28,49,20,4
28,50,16,2
28,51,14,3
28,52,16,3
28,53,14,2
28,54,12,2
28,55,0,1
29,1,16,4
29,2,20,6
29,3,22,7
29,4,24,7
29,5,24,8
29,6,26,7
29,7,22,7
29,8,22,6
29,9,22,7
29,10,22,7
29,11,22,6
29,12,22,7
29,13,24,8
29,14,26,8
29,15,26,9
29,16,26,9
29,17,28,9
29,18,26,8
29,19,39,8
29,20,43,9
29,21,41,10
29,22,45,11
29,23,47,12
29,24,47,12
29,25,45,12
29,26,67,14
29,27,61,16
29,28,63,17
29,29,63,17
29,30,65,18
29,31,65,17
29,32,65,17
29,33,52,17
29,34,54,18
29,35,95,21
29,36,87,24
29,37,87,24
29,38,87,25
29,39,91,27
29,40,115,29
30,1,16,4
30,2,20,6
30,3,24,8
30,4,26,8
30,5,24,7
30,6,24,7
30,7,22,7
30,8,24,7
30,9,24,8
30,10,26,9
30,11,26,9
30,12,26,8
30,13,26,8
30,14,28,9
30,15,26,8
30,16,26,9
30,17,30,10
30,18,34,13
30,19,53,13
30,20,53,16
30,21,53,13
30,22,49,12
30,23,47,10
30,24,54,12
30,25,44,12
30,26,42,12
30,27,42,13
30,28,46,14
30,29,48,13
30,30,59,14
30,31,61,14
30,32,61,15
30,33,63,14
30,34,46,12
30,35,40,10
30,36,40,11
30,37,42,11
30,38,49,11
30,39,47,12
30,40,47,12
30,41,45,10
30,42,32,7
30,43,24,6
30,44,24,5
30,45,20,4
30,46,16,3
30,47,0,2
31,1,16,4
31,2,18,5
31,3,20,6
31,4,22,7
31,5,26,7
31,6,22,5
31,7,20,6
31,8,37,8
31,9,41,7
31,10,37,8
31,11,39,8
31,12,39,6
31,13,22,6
31,14,26,9
31,15,28,9
31,16,28,7
31,17,37,7
31,18,22,5
31,19,20,5
31,20,20,5
31,21,20,6
31,22,22,7
31,23,24,7
31,24,37,7
31,25,39,8
31,26,37,7
31,27,22,6
31,28,22,7
31,29,24,7
31,30,41,8
31,31,26,7
31,32,24,6
31,33,20,5
31,34,20,5
31,35,18,5
31,36,18,5
31,37,20,6
31,38,26,9
31,39,26,7
31,40,37,6
31,41,20,5
31,42,20,5
31,43,22,7
31,44,39,7
31,45,37,6
31,46,35,5
31,47,20,4
31,48,20,6
31,49,22,5
31,50,22,5
31,51,20,5
31,52,20,6
31,53,22,7
31,54,22,6
31,55,20,4
31,56,18,4
31,57,16,3
31,58,14,1
31,59,0,0
31,60,0,0
31,61,0,0
31,62,0,0
31,63,0,0
31,64,0,0
31,65,0,0
31,66,0,0
31,67,0,0
31,68,0,0
31,69,0,0
31,70,0,0
31,71,0,0
31,72,0,0
31,73,0,0
31,74,0,0
31,75,0,0
31,76,0,0
31,77,0,0
31,78,0,0
32,1,18,5
32,2,20,6
32,3,20,5
32,4,20,6
32,5,20,6
32,6,22,6
32,7,24,7
32,8,24,7
32,9,37,7
32,10,39,9
32,11,39,7
32,12,37,6
32,13,22,6
32,14,22,7
32,15,39,8
32,16,26,9
32,17,28,9
32,18,26,8
32,19,24,6
32,20,22,6
32,21,22,7
32,22,24,8
32,23,24,8
32,24,24,7
32,25,22,7
32,26,37,7
32,27,37,6
32,28,20,5
32,29,18,4
32,30,20,5
32,31,20,6
32,32,22,7
32,33,22,6
32,34,22,7
32,35,22,6
32,36,20,6
32,37,20,3
32,38,14,2
32,39,12,2
32,40,12,2
32,41,12,2
32,42,12,1
32,43,0,0
32,44,0,0
32,45,0,0
32,46,0,0
32,47,0,0
32,48,0,0
32,49,0,0
32,50,0,0
33,1,14,3
33,2,14,3
33,3,16,4
33,4,18,5
33,5,18,5
33,6,20,6
33,7,35,7
33,8,37,7
33,9,39,8
33,10,37,7
33,11,24,6
33,12,20,5
33,13,20,5
33,14,18,4
33,15,18,5
33,16,22,7
33,17,24,8
33,18,24,8
33,19,24,6
33,20,22,5
33,21,18,5
33,22,20,5
33,23,20,3
33,24,14,1
33,25,12,2
33,26,18,2
33,27,12,2
33,28,14,2
33,29,0,1
34,1,14,3
34,2,16,4
34,3,18,5
34,4,20,6
34,5,20,6
34,6,20,6
34,7,22,7
34,8,22,6
34,9,22,5
34,10,20,5
34,11,20,6
34,12,22,7
34,13,22,7
34,14,22,7
34,15,22,7
34,16,24,8
34,17,24,7
34,18,22,6
34,19,20,5
34,20,20,6
34,21,22,7
34,22,22,7
34,23,22,5
34,24,18,3
34,25,0,2
34,26,0,2
34,27,0,0
34,28,0,0
34,29,0,0
34,30,0,0
34,31,0,0
34,32,0,0
34,33,0,0
34,34,0,0
34,35,0,0
34,36,0,0
34,37,0,0
34,38,0,0
34,39,0,0
34,40,0,0
34,41,0,0
34,42,0,0
34,43,0,0
34,44,0,0
34,45,0,0
34,46,0,0
34,47,0,0
34,48,0,0
34,49,0,0
34,50,0,0
34,51,0,0
34,52,0,0
34,53,0,0
35,1,14,3
35,2,16,4
35,3,18,5
35,4,20,6
35,5,22,5
35,6,18,3
35,7,16,3
35,8,16,4
35,9,18,4
35,10,16,3
35,11,16,4
35,12,16,4
35,13,16,4
35,14,18,5
35,15,18,5
35,16,20,6
35,17,22,5
35,18,18,3
35,19,0,1
35,20,0,1
35,21,0,0
35,22,0,0
35,23,0,0
35,24,0,0
35,25,0,0
35,26,0,0
36,1,12,2
36,2,14,3
36,3,16,4
36,4,20,6
36,5,20,5
36,6,20,5
36,7,20,6
36,8,22,7
36,9,22,6
36,10,22,7
36,11,24,7
36,12,39,8
36,13,41,9
36,14,43,7
36,15,22,5
36,16,22,7
36,17,24,8
36,18,24,7
36,19,24,6
36,20,20,5
36,21,20,6
36,22,20,6
36,23,20,5
36,24,24,6
36,25,35,6
36,26,41,9
36,27,41,9
36,28,39,6
36,29,22,5
36,30,20,6
36,31,22,6
36,32,22,7
36,33,26,8
36,34,24,8
36,35,24,7
36,36,22,6
36,37,22,4
36,38,16,3
36,39,14,1
36,40,0,0
37,1,16,4
37,2,16,4
37,3,20,6
37,4,22,7
37,5,39,8
37,6,39,8
37,7,41,9
37,8,43,9
37,9,41,8
37,10,24,8
37,11,26,9
37,12,26,9
37,13,28,9
37,14,28,9
37,15,41,9
37,16,41,8
37,17,26,8
37,18,24,8
37,19,26,9
37,20,26,9
37,21,30,11
37,22,32,11
37,23,34,9
37,24,28,7
37,25,22,6
37,26,22,7
37,27,24,8
37,28,39,9
37,29,39,7
37,30,22,6
37,31,20,5
37,32,18,3
37,33,0,1
37,34,0,0
37,35,0,0
37,36,0,0
37,37,0,0
37,38,0,0
38,1,16,4
38,2,20,6
38,3,22,7
38,4,24,7
38,5,24,5
38,6,22,7
38,7,37,7
38,8,37,7
38,9,22,6
38,10,20,5
38,11,20,5
38,12,20,6
38,13,20,3
38,14,14,1
38,15,0,0
38,16,0,0
38,17,0,0
38,18,0,0
38,19,0,0
38,20,0,0
38,21,0,0
38,22,0,0
38,23,0,0
38,24,0,0
38,25,0,0
38,26,0,0
38,27,0,0
38,28,0,0
38,29,0,0
38,30,0,0
38,31,0,0
38,32,0,0
38,33,0,0
38,34,0,0
38,35,0,0
38,36,0,0
38,37,0,0
38,38,0,0
38,39,0,0
38,40,0,0
38,41,0,0
38,42,0,0
38,43,0,0
38,44,0,0
38,45,0,0
38,46,0,0
38,47,0,0
38,48,0,0
38,49,0,0
38,50,0,0
38,51,0,0
38,52,0,0
38,53,0,0
38,54,0,0
38,55,0,0
38,56,0,0
39,1,14,3
39,2,18,5
39,3,18,4
39,4,18,5
39,5,20,6
39,6,22,6
39,7,20,6
39,8,24,8
39,9,41,10
39,10,49,12
39,11,47,12
39,12,47,8
39,13,28,8
39,14,26,8
39,15,26,7
39,16,39,8
39,17,43,10
39,18,41,10
39,19,45,11
39,20,32,10
39,21,32,10
39,22,54,12
39,23,42,11
39,24,40,10
39,25,53,10
39,26,0,9
39,27,0,5
39,28,0,3
40,1,14,3
40,2,14,3
40,3,16,4
40,4,18,5
40,5,22,6
40,6,20,6
40,7,20,6
40,8,22,6
40,9,20,5
40,10,20,5
40,11,22,7
40,12,22,7
40,13,22,7
40,14,22,6
40,15,22,7
40,16,24,8
40,17,26,9
40,18,28,9
40,19,28,10
40,20,28,8
40,21,24,7
40,22,22,4
40,23,16,3
40,24,14,3
40,25,14,3
40,26,14,3
40,27,14,3
40,28,14,3
40,29,16,3
40,30,18,4
40,31,18,4
40,32,18,5
40,33,20,5
40,34,18,4
40,35,16,4
40,36,16,3
40,37,14,2
40,38,0,0
40,39,0,0
40,40,0,0
40,41,0,0
40,42,0,0
40,43,0,0
40,44,0,0
40,45,0,0
40,46,0,0
41,1,16,4
41,2,20,6
41,3,24,7
41,4,24,8
41,5,41,10
41,6,47,12
41,7,47,13
41,8,49,12
41,9,47,12
41,10,34,13
41,11,51,13
41,12,51,12
41,13,49,12
41,14,47,11
41,15,45,12
41,16,47,13
41,17,77,17
41,18,65,18
41,19,65,18
41,20,67,18
41,21,67,19
41,22,99,21
41,23,81,22
41,24,85,24
41,25,91,27
41,26,115,29
42,1,16,4
42,2,16,4
42,3,20,6
42,4,22,7
42,5,24,7
42,6,22,6
42,7,20,5
42,8,20,5
42,9,20,6
42,10,20,5
42,11,18,4
42,12,16,2
42,13,14,3
42,14,0,2
42,15,0,2
42,16,0,1
42,17,0,1
42,18,0,0
42,19,0,0
42,20,0,0
42,21,0,0
42,22,0,0
42,23,0,0
42,24,0,0
42,25,0,0
42,26,0,0
42,27,0,0
42,28,0,0
42,29,0,0
43,1,12,2
43,2,14,3
43,3,14,2
43,4,14,3
43,5,14,3
43,6,16,4
43,7,16,3
43,8,14,3
43,9,16,3
43,10,16,3
43,11,16,3
43,12,16,4
43,13,18,5
43,14,18,5
43,15,20,5
43,16,18,4
43,17,16,3
43,18,16,4
43,19,18,5
43,20,20,6
43,21,20,5
43,22,18,4
43,23,16,4
43,24,16,3
43,25,14,2
43,26,16,4
43,27,16,4
43,28,16,4
43,29,20,6
43,30,22,6
43,31,22,6
43,32,22,5
43,33,18,2
43,34,14,2
43,35,12,2
43,36,12,1
43,37,0,0
43,38,0,0
43,39,0,0
43,40,0,0
43,41,0,0
44,1,14,3
44,2,20,5
44,3,20,6
44,4,20,6
44,5,20,4
44,6,18,4
44,7,22,6
44,8,22,7
44,9,24,6
44,10,20,5
44,11,18,4
44,12,31,2
44,13,12,2
44,14,12,1
44,15,12,2
44,16,16,4
44,17,16,3
44,18,16,3
44,19,20,5
44,20,20,5
44,21,20,4
44,22,0,2
44,23,0,0
44,24,0,0
44,25,0,0
44,26,0,0
44,27,0,0
44,28,0,0
44,29,0,0
44,30,0,0
44,31,0,0
44,32,0,0
44,33,0,0
44,34,0,0
44,35,0,0
44,36,0,0
45,1,12,2
45,2,16,4
45,3,18,5
45,4,20,6
45,5,20,6
45,6,22,7
45,7,22,6
45,8,22,6
45,9,22,6
45,10,0,3
45,11,0,2
45,12,0,1
45,13,0,1
45,14,0,1
45,15,0,0
45,16,0,0
45,17,0,0
45,18,0,0
45,19,0,0
45,20,0,0
45,21,0,0
45,22,0,0
45,23,0,0
45,24,0,0
46,1,16,4
46,2,20,6
46,3,22,6
46,4,22,7
46,5,24,7
46,6,22,7
46,7,24,8
46,8,26,7
46,9,22,6
46,10,22,7
46,11,26,8
46,12,24,8
46,13,26,8
46,14,24,8
46,15,24,8
46,16,28,10
46,17,34,12
46,18,34,10
46,19,43,9
46,20,45,12
46,21,49,11
46,22,47,11
46,23,32,9
46,24,28,8
46,25,28,9
46,26,45,12
46,27,51,13
46,28,53,14
46,29,51,13
46,30,53,16
46,31,57,16
46,32,55,17
46,33,57,17
46,34,57,18
46,35,57,16
46,36,57,15
46,37,55,16
46,38,55,16
46,39,59,16
46,40,55,14
46,41,71,13
46,42,44,13
46,43,44,14
46,44,48,14
46,45,61,14
46,46,63,15
46,47,63,16
46,48,67,18
46,49,56,19
46,50,60,22
46,51,60,21
46,52,62,22
46,53,75,23
46,54,81,26
46,55,83,27
46,56,83,26
46,57,81,25
46,58,81,25
46,59,81,25
46,60,115,27
46,61,93,28
46,62,93,27
46,63,91,26
46,64,89,26
46,65,93,28
46,66,93,28
46,67,103,29
47,1,14,3
47,2,14,3
47,3,16,4
47,4,18,5
47,5,20,6
47,6,22,7
47,7,22,6
47,8,20,5
47,9,24,8
47,10,26,9
47,11,28,9
47,12,54,11
47,13,40,12
47,14,44,14
47,15,59,14
47,16,61,14
47,17,59,14
47,18,46,13
47,19,42,12
47,20,42,13
47,21,46,15
47,22,68,16
47,23,58,17
47,24,60,17
47,25,58,16
47,26,58,16
47,27,60,18
47,28,66,20
47,29,68,22
47,30,85,24
47,31,87,24
47,32,87,23
47,33,83,21
47,34,85,24
47,35,89,26
47,36,115,28
48,1,18,5
48,2,24,7
48,3,24,7
48,4,22,7
48,5,24,7
48,6,24,7
48,7,24,8
48,8,24,8
48,9,26,9
48,10,26,8
48,11,24,7
48,12,22,7
48,13,26,7
48,14,24,7
48,15,24,8
48,16,24,6
48,17,22,6
48,18,35,6
48,19,41,9
48,20,45,10
48,21,49,12
48,22,53,12
48,23,49,12
48,24,49,14
48,25,53,12
48,26,36,10
48,27,44,13
48,28,46,15
48,29,50,15
48,30,63,15
48,31,63,17
48,32,65,17
48,33,67,18
48,34,65,16
48,35,65,16
48,36,52,16
48,37,52,18
48,38,71,21
48,39,75,21
48,40,75,23
48,41,81,25
48,42,103,26
48,43,89,25
48,44,89,26
48,45,115,28
49,1,16,4
49,2,20,6
49,3,20,6
49,4,20,5
49,5,20,5
49,6,22,6
49,7,24,8
49,8,28,9
49,9,28,8
49,10,26,7
49,11,22,7
49,12,22,7
49,13,26,9
49,14,28,8
49,15,26,8
49,16,24,8
49,17,24,6
49,18,20,4
49,19,16,3
49,20,14,2
49,21,18,5
49,22,20,5
49,23,20,6
49,24,24,7
49,25,24,8
49,26,26,8
49,27,24,8
49,28,26,9
49,29,26,7
49,30,24,6
49,31,20,5
49,32,18,4
49,33,18,4
49,34,18,5
49,35,18,3
49,36,16,3
49,37,18,3
49,38,14,2
49,39,14,3
49,40,16,4
49,41,16,4
49,42,16,3
49,43,16,4
49,44,18,5
49,45,18,4
49,46,16,3
49,47,16,2
49,48,12,2
49,49,12,1
49,50,10,1
49,51,0,0
49,52,0,0
49,53,0,0
49,54,0,0
49,55,0,0
49,56,0,0
49,57,0,0
49,58,0,0
49,59,0,0
49,60,0,0
49,61,0,0
49,62,0,0
49,63,0,0
49,64,0,0
49,65,0,0
50,1,14,3
50,2,16,4
50,3,18,5
50,4,18,5
50,5,20,6
50,6,22,7
50,7,22,7
50,8,22,7
50,9,39,9
50,10,41,9
50,11,28,9
50,12,28,10
50,13,30,11
50,14,47,10
50,15,45,9
50,16,39,6
50,17,0,6
50,18,0,5
50,19,0,4
50,20,0,3
50,21,0,1
50,22,0,0
50,23,0,0
50,24,0,0
50,25,0,0
50,26,0,0
50,27,0,0
50,28,0,0
50,29,0,0
50,30,0,0
50,31,0,0
50,32,0,0
50,33,0,0
50,34,0,0
50,35,0,0
50,36,0,0
50,37,0,0
50,38,0,0
50,39,0,0
50,40,0,0
50,41,0,0
50,42,0,0
50,43,0,0
50,44,0,0
50,45,0,0
50,46,0,0
50,47,0,0
50,48,0,0
50,49,0,0
51,1,14,3
51,2,14,3
51,3,16,4
51,4,18,5
51,5,20,5
51,6,18,4
51,7,18,5
51,8,20,5
51,9,20,5
51,10,20,6
51,11,22,7
51,12,39,8
51,13,39,6
51,14,35,5
51,15,20,5
51,16,20,6
51,17,22,7
51,18,24,8
51,19,39,8
51,20,39,9
51,21,39,7
51,22,22,6
51,23,20,4
51,24,18,4
51,25,18,5
51,26,18,5
51,27,20,6
51,28,22,5
51,29,20,6
51,30,20,5
51,31,20,5
51,32,18,2
51,33,27,3
51,34,29,4
51,35,31,5
51,36,33,5
51,37,35,7
51,38,37,7
51,39,26,8
51,40,24,5
51,41,18,3
51,42,14,2
51,43,12,1
51,44,0,0
52,1,16,4
52,2,22,7
52,3,24,7
52,4,22,6
52,5,20,6
52,6,22,7
52,7,22,6
52,8,20,5
52,9,20,5
52,10,33,5
52,11,37,7
52,12,39,7
52,13,24,6
52,14,20,4
52,15,18,4
52,16,16,2
52,17,16,4
52,18,18,5
52,19,18,3
52,20,14,1
52,21,10,1
52,22,10,1
52,23,10,1
52,24,0,0
52,25,0,0
52,26,0,0
52,27,0,0
52,28,0,0
52,29,0,0
52,30,0,0
52,31,0,0
52,32,0,0
52,33,0,0
52,34,0,0
52,35,0,0
52,36,0,0
52,37,0,0
52,38,0,0
52,39,0,0
52,40,0,0
53,1,16,4
53,2,18,5
53,3,18,5
53,4,18,5
53,5,18,5
53,6,18,5
53,7,18,5
53,8,18,4
53,9,16,3
53,10,16,3
53,11,16,4
53,12,16,4
53,13,16,4
53,14,18,5
53,15,20,6
53,16,20,5
53,17,18,4
53,18,16,4
53,19,16,4
53,20,16,4
53,21,16,3
53,22,16,4
53,23,16,4
53,24,16,3
53,25,16,3
53,26,14,3
53,27,18,5
53,28,22,7
53,29,37,7
53,30,22,7
53,31,22,7
53,32,22,6
53,33,20,6
53,34,24,7
53,35,37,7
53,36,39,7
53,37,0,6
53,38,0,4
53,39,0,5
53,40,0,5
53,41,0,2
53,42,0,1
53,43,0,1
54,1,16,4
54,2,20,6
54,3,22,7
54,4,24,8
54,5,26,7
54,6,24,7
54,7,22,7
54,8,22,7
54,9,22,6
54,10,20,6
54,11,20,6
54,12,22,7
54,13,24,8
54,14,26,8
54,15,24,8
54,16,24,7
54,17,24,7
54,18,24,5
54,19,20,5
54,20,22,7
54,21,24,8
54,22,26,9
54,23,43,10
54,24,47,10
54,25,45,11
54,26,32,10
54,27,43,10
54,28,28,7
54,29,22,4
54,30,16,3
54,31,14,2
54,32,0,1
55,1,16,4
55,2,22,7
55,3,24,7
55,4,24,8
55,5,26,9
55,6,26,8
55,7,24,7
55,8,24,7
55,9,24,7
55,10,24,7
55,11,24,8
55,12,26,8
55,13,24,7
55,14,22,7
55,15,22,7
55,16,22,6
55,17,20,4
55,18,16,3
55,19,14,3
55,20,14,2
55,21,14,2
55,22,16,3
55,23,20,4
55,24,18,2
55,25,12,1
55,26,12,1
55,27,10,1
55,28,10,1
55,29,10,1
55,30,12,2
55,31,14,3
55,32,18,3
55,33,16,2
55,34,12,2
55,35,12,1
55,36,0,0
55,37,0,0
55,38,0,0
55,39,0,0
55,40,0,0
55,41,0,0
55,42,0,0
55,43,0,0
55,44,0,0
55,45,0,0
55,46,0,0
55,47,0,0
55,48,0,0
55,49,0,0
55,50,0,0
56,1,18,5
56,2,20,6
56,3,20,6
56,4,22,7
56,5,22,6
56,6,20,6
56,7,22,7
56,8,26,9
56,9,28,10
56,10,43,10
56,11,43,11
56,12,45,11
56,13,47,11
56,14,47,9
56,15,28,9
56,16,26,8
56,17,24,8
56,18,26,8
56,19,39,8
56,20,45,12
56,21,51,14
56,22,53,15
56,23,55,17
56,24,57,15
56,25,53,13
56,26,47,12
56,27,47,11
56,28,45,11
56,29,45,12
56,30,47,11
56,31,45,10
56,32,43,11
56,33,45,10
56,34,45,10
56,35,41,7
56,36,22,5
56,37,18,3
56,38,16,3
56,39,14,1
56,40,10,1
56,41,12,1
56,42,0,0
57,1,16,4
57,2,20,6
57,3,24,7
57,4,22,6
57,5,20,6
57,6,20,6
57,7,22,6
57,8,22,7
57,9,22,6
57,10,20,5
57,11,18,4
57,12,18,4
57,13,18,5
57,14,22,7
57,15,22,6
57,16,20,4
57,17,18,3
57,18,14,2
57,19,16,3
57,20,18,4
57,21,16,2
57,22,14,2
57,23,12,1
57,24,12,1
57,25,0,0
57,26,0,0
57,27,0,0
57,28,0,0
57,29,0,0
57,30,0,0
57,31,0,0
57,32,0,0
58,1,14,3
58,2,20,6
58,3,20,6
58,4,20,6
58,5,20,6
58,6,22,7
58,7,22,6
58,8,20,6
58,9,24,8
58,10,24,8
58,11,24,7
58,12,24,6
58,13,20,5
58,14,22,5
58,15,20,6
58,16,22,7
58,17,24,8
58,18,41,9
58,19,41,9
58,20,43,10
58,21,45,12
58,22,45,11
58,23,45,11
58,24,43,10
58,25,28,7
58,26,24,8
58,27,26,8
58,28,50,8
58,29,34,8
58,30,38,11
58,31,59,14
58,32,57,13
58,33,55,13
58,34,59,14
58,35,46,14
58,36,48,16
58,37,54,19
58,38,73,22
58,39,75,21
58,40,71,20
58,41,71,20
58,42,69,20
58,43,69,18
58,44,69,20
58,45,95,22
58,46,85,24
58,47,113,26
59,1,16,4
59,2,18,5
59,3,20,6
59,4,20,6
59,5,20,6
59,6,20,6
59,7,20,5
59,8,18,5
59,9,18,5
59,10,18,5
59,11,18,5
59,12,18,5
59,13,18,5
59,14,18,4
59,15,18,5
59,16,22,7
59,17,22,6
59,18,20,5
59,19,37,8
59,20,39,8
59,21,37,8
59,22,39,8
59,23,24,7
59,24,22,7
59,25,24,6
59,26,35,5
59,27,18,3
59,28,14,2
59,29,14,2
59,30,14,3
59,31,20,6
59,32,20,5
59,33,18,4
59,34,16,3
59,35,16,3
59,36,16,3
59,37,18,5
59,38,20,5
59,39,20,5
59,40,20,5
59,41,18,2
59,42,12,1
59,43,0,0
59,44,0,0
59,45,0,0
59,46,0,0
59,47,0,0
59,48,0,0
59,49,0,0
59,50,0,0
59,51,0,0
59,52,0,0
59,53,0,0
59,54,0,0
59,55,0,0
59,56,0,0
59,57,0,0
59,58,0,0
59,59,0,0
59,60,0,0
59,61,0,0
59,62,0,0
59,63,0,0
59,64,0,0
60,1,16,4
60,2,22,7
60,3,24,7
60,4,24,8
60,5,24,7
60,6,22,7
60,7,24,8
60,8,26,9
60,9,28,9
60,10,28,10
60,11,28,10
60,12,28,9
60,13,41,9
60,14,41,10
60,15,43,10
60,16,43,11
60,17,45,11
60,18,32,10
60,19,32,11
60,20,32,12
60,21,36,13
60,22,51,12
60,23,47,12
60,24,45,11
60,25,45,10
60,26,45,10
60,27,45,10
60,28,43,9
60,29,0,8
60,30,0,7
60,31,0,6
60,32,0,1
60,33,0,0
60,34,0,0
60,35,0,0
60,36,0,0
60,37,0,0
60,38,0,0
60,39,0,0
60,40,0,0
61,1,16,4
61,2,16,4
61,3,16,4
61,4,16,4
61,5,18,3
61,6,16,4
61,7,16,3
61,8,16,3
61,9,18,4
61,10,16,3
61,11,14,3
61,12,16,4
61,13,18,5
61,14,20,5
61,15,20,4
61,16,18,4
61,17,16,3
61,18,29,3
61,19,29,2
61,20,14,2
61,21,12,1
61,22,12,2
61,23,16,3
61,24,16,4
61,25,20,6
61,26,22,5
61,27,18,3
61,28,14,2
61,29,14,2
61,30,0,0
61,31,0,0
61,32,0,0
61,33,0,0
61,34,0,0
61,35,0,0
61,36,0,0
61,37,0,0
62,1,16,4
62,2,20,6
62,3,22,6
62,4,24,7
62,5,22,7
62,6,24,8
62,7,24,8
62,8,24,7
62,9,22,6
62,10,22,6
62,11,22,5
62,12,18,5
62,13,20,5
62,14,20,5
62,15,18,3
62,16,14,3
62,17,16,4
62,18,18,4
62,19,18,5
62,20,20,4
62,21,16,3
62,22,14,3
62,23,18,4
62,24,18,5
62,25,20,4
62,26,18,4
62,27,16,2
62,28,12,2
62,29,0,0
62,30,0,0
62,31,0,0
62,32,0,0
62,33,0,0
62,34,0,0
62,35,0,0
62,36,0,0
62,37,0,0
62,38,0,0
62,39,0,0
62,40,0,0
62,41,0,0
62,42,0,0
62,43,0,0
62,44,0,0
62,45,0,0
63,1,14,3
63,2,16,4
63,3,16,4
63,4,18,5
63,5,18,5
63,6,18,5
63,7,18,5
63,8,18,5
63,9,18,5
63,10,18,5
63,11,18,5
63,12,33,5
63,13,20,4
63,14,18,4
63,15,18,4
63,16,18,5
63,17,20,5
63,18,18,5
63,19,22,6
63,20,0,6
63,21,0,4
63,22,0,3
63,23,0,1
63,24,0,0
63,25,0,0
63,26,0,0
63,27,0,0
63,28,0,0
63,29,0,0
63,30,0,0
64,1,16,4
64,2,18,5
64,3,20,6
64,4,20,4
64,5,16,3
64,6,16,3
64,7,16,4
64,8,18,5
64,9,18,4
64,10,16,3
64,11,16,4
64,12,16,4
64,13,16,4
64,14,16,3
64,15,14,3
64,16,16,3
64,17,16,3
64,18,16,3
64,19,14,3
64,20,16,4
64,21,16,3
64,22,16,4
64,23,18,5
64,24,18,3
64,25,14,2
64,26,14,2
64,27,0,0
65,1,14,3
65,2,18,4
65,3,18,4
65,4,18,5
65,5,20,5
65,6,20,6
65,7,22,7
65,8,22,6
65,9,20,5
65,10,20,6
65,11,22,7
65,12,22,7
65,13,22,6
65,14,22,7
65,15,24,8
65,16,26,9
65,17,26,7
65,18,22,5
65,19,18,3
65,20,16,3
65,21,14,2
65,22,12,1
65,23,10,1
65,24,12,2
65,25,14,2
65,26,14,2
65,27,14,2
65,28,12,1
65,29,12,1
65,30,10,1
65,31,10,1
65,32,12,1
65,33,0,0
65,34,0,0
65,35,0,0
65,36,0,0
66,1,18,5
66,2,24,8
66,3,26,8
66,4,24,8
66,5,24,8
66,6,24,8
66,7,26,8
66,8,26,9
66,9,32,10
66,10,43,8
66,11,26,7
66,12,24,8
66,13,28,9
66,14,43,11
66,15,49,13
66,16,53,13
66,17,54,11
66,18,42,12
66,19,42,11
66,20,57,13
66,21,61,15
66,22,63,15
66,23,65,17
66,24,67,18
66,25,71,21
66,26,73,20
66,27,73,21
66,28,58,19
66,29,71,18
66,30,67,18
66,31,69,19
66,32,67,19
66,33,75,21
66,34,73,21
66,35,75,23
66,36,91,26
66,37,93,28
66,38,113,29
67,1,14,3
67,2,16,4
67,3,18,5
67,4,18,4
67,5,16,3
67,6,16,4
67,7,16,4
67,8,18,5
67,9,20,6
67,10,20,6
67,11,20,6
67,12,20,6
67,13,20,6
67,14,20,6
67,15,22,7
67,16,24,6
67,17,24,8
67,18,28,9
67,19,50,11
67,20,40,11
67,21,55,13
67,22,59,14
67,23,61,14
67,24,57,11
67,25,55,13
67,26,57,13
67,27,61,15
67,28,48,16
67,29,65,18
67,30,69,18
67,31,67,18
67,32,67,17
67,33,63,17
67,34,69,19
67,35,71,21
67,36,75,23
67,37,79,24
67,38,83,26
67,39,101,27
67,40,93,28
67,41,93,28
67,42,113,29
68,1,14,3
68,2,18,5
68,3,20,6
68,4,22,7
68,5,24,7
68,6,37,6
68,7,22,6
68,8,20,6
68,9,22,7
68,10,24,6
68,11,20,4
68,12,16,1
68,13,0,0
68,14,0,0
68,15,0,0
68,16,0,0
68,17,0,0
68,18,0,0
68,19,0,0
68,20,0,0
68,21,0,0
68,22,0,0
68,23,0,0
68,24,0,0
68,25,0,0
68,26,0,0
68,27,0,0
68,28,0,0
68,29,0,0
68,30,0,0
68,31,0,0
68,32,0,0
68,33,0,0
68,34,0,0
68,35,0,0
69,1,14,3
69,2,18,5
69,3,22,6
69,4,20,5
69,5,18,5
69,6,18,4
69,7,18,5
69,8,20,6
69,9,22,7
69,10,24,6
69,11,22,7
69,12,37,7
69,13,35,7
69,14,37,6
69,15,35,6
69,16,22,5
69,17,24,8
69,18,43,9
69,19,28,9
69,20,43,10
69,21,56,12
69,22,42,13
69,23,44,14
69,24,44,13
69,25,42,12
69,26,42,12
69,27,46,15
69,28,48,15
69,29,63,15
69,30,61,14
69,31,59,15
69,32,63,17
69,33,67,19
69,34,89,20
69,35,83,23
69,36,89,26
69,37,91,27
69,38,113,28
70,1,16,4
70,2,20,6
70,3,22,7
70,4,26,8
70,5,24,6
70,6,20,6
70,7,20,6
70,8,24,7
70,9,39,8
70,10,39,8
70,11,39,7
70,12,26,9
70,13,28,9
70,14,28,10
70,15,43,11
70,16,49,12
70,17,49,10
70,18,41,7
70,19,24,6
70,20,20,5
70,21,22,7
70,22,28,9
70,23,43,11
70,24,47,11
70,25,47,12
70,26,49,12
70,27,34,10
70,28,28,7
70,29,26,8
70,30,26,8
70,31,28,9
70,32,41,9
70,33,45,11
70,34,45,11
70,35,45,11
70,36,45,9
70,37,28,7
70,38,28,9
70,39,40,10
70,40,38,9
70,41,51,9
70,42,49,7
70,43,32,5
70,44,22,4
70,45,20,4
70,46,16,3
70,47,0,0
71,1,16,4
71,2,20,6
71,3,22,7
71,4,24,8
71,5,39,8
71,6,41,9
71,7,41,10
71,8,47,11
71,9,47,13
71,10,51,13
71,11,49,12
71,12,34,10
71,13,32,11
71,14,38,13
71,15,49,12
71,16,49,12
71,17,51,14
71,18,51,14
71,19,49,13
71,20,51,14
71,21,73,16
71,22,78,17
71,23,60,17
71,24,60,17
71,25,75,19
71,26,81,22
71,27,83,22
71,28,85,24
71,29,91,27
71,30,115,29
72,1,16,4
72,2,20,6
72,3,20,5
72,4,20,6
72,5,24,8
72,6,24,7
72,7,24,7
72,8,22,7
72,9,37,8
72,10,41,9
72,11,43,10
72,12,43,11
72,13,47,11
72,14,45,10
72,15,41,9
72,16,28,7
72,17,24,8
72,18,39,9
72,19,45,12
72,20,49,12
72,21,47,12
72,22,34,8
72,23,28,9
72,24,32,12
72,25,49,13
72,26,53,14
72,27,51,13
72,28,51,14
72,29,51,13
72,30,47,12
72,31,45,9
72,32,28,8
72,33,26,8
72,34,50,7
72,35,32,7
72,36,34,8
72,37,49,8
72,38,49,7
72,39,43,6
72,40,41,2
72,41,14,2
72,42,18,4
72,43,16,4
72,44,16,2
72,45,0,1
73,1,16,4
73,2,20,6
73,3,24,7
73,4,22,6
73,5,20,6
73,6,22,7
73,7,26,8
73,8,26,8
73,9,26,9
73,10,26,7
73,11,24,7
73,12,26,7
73,13,41,6
73,14,26,8
73,15,26,8
73,16,28,9
73,17,26,7
73,18,22,6
73,19,22,6
73,20,0,5
73,21,0,5
73,22,0,3
73,23,0,1
73,24,0,0
73,25,0,0
73,26,0,0
73,27,0,0
73,28,0,0
73,29,0,0
73,30,0,0
73,31,0,0
73,32,0,0
73,33,0,0
73,34,0,0
73,35,0,0
73,36,0,0
73,37,0,0
73,38,0,0
74,1,16,4
74,2,20,6
74,3,24,8
74,4,24,8
74,5,24,7
74,6,24,8
74,7,26,8
74,8,26,7
74,9,24,8
74,10,43,10
74,11,45,11
74,12,45,11
74,13,45,11
74,14,47,9
74,15,26,9
74,16,28,9
74,17,28,9
74,18,43,10
74,19,49,12
74,20,49,13
74,21,73,17
74,22,65,16
74,23,50,15
74,24,48,16
74,25,52,17
74,26,67,17
74,27,67,17
74,28,65,17
74,29,67,18
74,30,71,18
74,31,69,19
74,32,63,21
74,33,63,19
74,34,61,18
74,35,48,18
74,36,71,19
74,37,71,20
74,38,71,21
74,39,73,20
74,40,73,21
74,41,77,24
74,42,91,26
74,43,89,26
74,44,93,28
74,45,113,29
75,1,16,4
75,2,18,4
75,3,16,4
75,4,20,6
75,5,24,8
75,6,24,8
75,7,24,8
75,8,24,8
75,9,26,9
75,10,26,7
75,11,22,6
75,12,20,4
75,13,16,3
75,14,14,2
75,15,0,1
75,16,0,1
75,17,0,1
75,18,0,0
75,19,0,0
75,20,0,0
75,21,0,0
75,22,0,0
75,23,0,0
75,24,0,0
75,25,0,0
75,26,0,0
76,1,16,4
76,2,22,7
76,3,24,8
76,4,26,9
76,5,28,9
76,6,41,10
76,7,45,11
76,8,45,10
76,9,30,9
76,10,28,9
76,11,41,9
76,12,47,12
76,13,49,11
76,14,47,11
76,15,34,11
76,16,56,11
76,17,42,11
76,18,53,10
76,19,57,13
76,20,61,13
76,21,61,15
76,22,61,15
76,23,52,15
76,24,50,16
76,25,62,17
76,26,66,18
76,27,79,17
76,28,79,21
76,29,83,22
76,30,87,24
76,31,89,26
76,32,91,27
76,33,115,29
77,1,16,4
77,2,18,5
77,3,20,6
77,4,24,8
77,5,39,8
77,6,41,10
77,7,43,10
77,8,43,10
77,9,45,10
77,10,30,9
77,11,28,8
77,12,28,10
77,13,30,10
77,14,32,11
77,15,32,10
77,16,47,12
77,17,34,10
77,18,30,9
77,19,26,8
77,20,26,7
77,21,24,8
77,22,26,8
77,23,39,9
77,24,41,8
77,25,24,6
77,26,20,4
77,27,16,3
77,28,14,2
77,29,14,1
77,30,0,0
77,31,0,0
77,32,0,0
78,1,16,4
78,2,20,6
78,3,26,7
78,4,22,7
78,5,24,6
78,6,35,7
78,7,37,8
78,8,43,10
78,9,43,9
78,10,26,7
78,11,24,7
78,12,26,8
78,13,41,9
78,14,43,11
78,15,45,10
78,16,47,10
78,17,30,8
78,18,24,7
78,19,24,8
78,20,43,10
78,21,47,13
78,22,49,11
78,23,32,10
78,24,32,11
78,25,32,11
78,26,34,10
78,27,32,9
78,28,30,10
78,29,45,11
78,30,47,12
78,31,51,13
78,32,49,11
78,33,47,12
78,34,47,12
78,35,32,11
78,36,30,10
78,37,28,9
78,38,28,9
78,39,26,8
78,40,26,8
78,41,26,8
78,42,54,11
78,43,42,13
78,44,48,16
78,45,65,18
78,46,69,19
78,47,117,22
78,48,87,24
78,49,89,26
78,50,99,27
79,1,14,3
79,2,16,4
79,3,18,5
79,4,20,6
79,5,20,6
79,6,20,6
79,7,22,7
79,8,22,7
79,9,26,9
79,10,28,10
79,11,30,11
79,12,45,12
79,13,67,13
79,14,61,16
79,15,63,17
79,16,63,17
79,17,65,17
79,18,65,18
79,19,67,18
79,20,65,17
79,21,63,15
79,22,48,15
79,23,48,16
79,24,50,17
79,25,54,17
79,26,52,16
79,27,52,16
79,28,101,17
79,29,75,19
79,30,83,23
79,31,87,24
79,32,87,24
79,33,89,25
79,34,91,26
79,35,91,27
79,36,93,28
79,37,113,29
80,1,16,4
80,2,20,6
80,3,22,7
80,4,22,5
80,5,18,4
80,6,20,6
80,7,22,7
80,8,41,10
80,9,43,10
80,10,43,11
80,11,71,13
80,12,57,14
80,13,57,14
80,14,61,15
80,15,50,15
80,16,48,16
80,17,52,18
80,18,91,19
80,19,81,21
80,20,81,21
80,21,83,23
80,22,89,26
80,23,91,27
80,24,113,28
81,1,18,5
81,2,18,5
81,3,20,6
81,4,20,6
81,5,22,7
81,6,24,7
81,7,24,7
81,8,24,8
81,9,39,9
81,10,45,12
81,11,49,13
81,12,49,10
81,13,43,9
81,14,28,6
81,15,24,8
81,16,28,10
81,17,45,11
81,18,45,11
81,19,45,11
81,20,49,14
81,21,51,13
81,22,73,16
81,23,61,14
81,24,46,14
81,25,66,16
81,26,71,17
81,27,75,19
81,28,79,21
81,29,81,22
81,30,83,23
81,31,87,25
81,32,115,27
82,1,16,4
82,2,22,7
82,3,24,6
82,4,20,6
82,5,22,7
82,6,22,7
82,7,22,4
82,8,20,6
82,9,24,8
82,10,39,7
82,11,35,7
82,12,35,6
82,13,22,7
82,14,22,7
82,15,24,7
82,16,24,7
82,17,22,6
82,18,22,6
82,19,24,6
82,20,22,6
82,21,24,7
82,22,22,5
82,23,33,5
82,24,35,5
82,25,31,3
82,26,16,2
82,27,18,4
82,28,20,5
82,29,18,4
82,30,16,3
82,31,14,2
82,32,12,1
82,33,10,1
82,34,10,1
82,35,10,1
82,36,10,1
82,37,10,1
82,38,0,0
82,39,0,0
82,40,0,0
82,41,0,0
82,42,0,0
82,43,0,0
82,44,0,0
82,45,0,0
82,46,0,0
82,47,0,0
82,48,0,0
82,49,0,0
82,50,0,0
82,51,0,0
82,52,0,0
83,1,16,4
83,2,20,6
83,3,24,7
83,4,24,7
83,5,24,8
83,6,26,9
83,7,26,9
83,8,28,10
83,9,28,9
83,10,43,10
83,11,47,11
83,12,47,12
83,13,47,11
83,14,47,11
83,15,43,8
83,16,26,9
83,17,28,9
83,18,56,12
83,19,46,13
83,20,59,14
83,21,65,17
83,22,67,18
83,23,67,18
83,24,67,19
83,25,71,21
83,26,73,21
83,27,73,22
83,28,95,22
83,29,72,22
83,30,72,24
83,31,74,25
83,32,76,26
83,33,78,27
83,34,93,27
83,35,91,25
83,36,93,28
83,37,113,29
84,1,16,4
84,2,20,6
84,3,24,7
84,4,39,8
84,5,41,7
84,6,22,6
84,7,22,6
84,8,22,7
84,9,41,10
84,10,45,12
84,11,51,13
84,12,49,12
84,13,49,11
84,14,47,9
84,15,26,6
84,16,24,8
84,17,43,9
84,18,48,11
84,19,53,11
84,20,55,12
84,21,57,12
84,22,42,10
84,23,38,10
84,24,36,9
84,25,38,8
84,26,49,7
84,27,41,7
84,28,35,3
84,29,16,1
84,30,12,2
84,31,16,2
84,32,14,1
84,33,0,0
85,1,16,4
85,2,18,5
85,3,22,7
85,4,26,9
85,5,26,9
85,6,26,9
85,7,26,9
85,8,26,7
85,9,22,7
85,10,24,8
85,11,26,9
85,12,28,9
85,13,30,9
85,14,28,9
85,15,26,8
85,16,24,8
85,17,26,9
85,18,41,8
85,19,41,8
85,20,24,8
85,21,26,7
85,22,26,7
85,23,24,7
85,24,26,7
85,25,22,6
85,26,22,6
85,27,35,7
85,28,39,9
85,29,45,12
85,30,47,11
85,31,30,9
85,32,28,10
85,33,30,11
85,34,45,11
85,35,47,11
85,36,49,13
85,37,49,12
85,38,47,11
85,39,30,10
85,40,30,10
85,41,30,11
85,42,30,9
85,43,28,10
85,44,28,9
85,45,28,8
85,46,24,6
85,47,20,5
85,48,0,4
86,1,14,3
86,2,16,4
86,3,18,5
86,4,20,6
86,5,22,7
86,6,22,6
86,7,20,6
86,8,20,6
86,9,20,6
86,10,20,6
86,11,22,7
86,12,22,7
86,13,22,6
86,14,20,6
86,15,20,4
86,16,16,3
86,17,14,3
86,18,14,2
86,19,14,2
86,20,12,2
86,21,12,2
86,22,14,3
86,23,14,3
86,24,16,4
86,25,20,6
86,26,22,5
86,27,20,5
86,28,18,4
86,29,16,3
86,30,14,2
86,31,12,2
86,32,12,2
86,33,14,3
86,34,14,2
86,35,12,2
86,36,12,2
86,37,12,1
86,38,12,2
86,39,16,3
86,40,16,3
86,41,14,1
86,42,12,1
86,43,0,0
87,1,14,3
87,2,14,3
87,3,16,4
87,4,18,5
87,5,20,6
87,6,37,7
87,7,24,8
87,8,24,7
87,9,22,5
87,10,18,2
87,11,14,3
87,12,18,5
87,13,22,7
87,14,39,8
87,15,41,8
87,16,39,6
87,17,33,4
87,18,16,3
87,19,14,3
87,20,0,2
87,21,0,1
87,22,0,1
87,23,0,1
87,24,0,1
87,25,0,1
87,26,0,0
87,27,0,0
87,28,0,0
87,29,0,0
87,30,0,0
87,31,0,0
87,32,0,0
87,33,0,0
87,34,0,0
87,35,0,0
88,1,16,4
88,2,20,6
88,3,22,7
88,4,24,7
88,5,22,6
88,6,20,5
88,7,20,5
88,8,22,7
88,9,26,9
88,10,26,7
88,11,22,6
88,12,20,6
88,13,22,7
88,14,26,8
88,15,24,6
88,16,24,8
88,17,26,9
88,18,26,8
88,19,26,8
88,20,39,8
88,21,43,10
88,22,45,9
88,23,41,7
88,24,28,8
88,25,24,7
88,26,26,5
88,27,18,4
88,28,20,5
88,29,20,4
88,30,18,4
88,31,22,7
88,32,30,10
88,33,30,9
88,34,28,9
88,35,28,8
88,36,28,7
88,37,24,5
88,38,0,1
88,39,0,1
88,40,0,0
88,41,0,0
88,42,0,0
89,1,16,4
89,2,20,6
89,3,22,7
89,4,22,7
89,5,24,7
89,6,22,7
89,7,22,6
89,8,22,7
89,9,24,7
89,10,22,6
89,11,0,4
89,12,18,6
89,13,18,7
89,14,18,7
89,15,18,8
89,16,18,9
89,17,18,9
89,18,18,9
89,19,18,7
89,20,18,5
89,21,18,5
89,22,18,2
89,23,18,0
89,24,18,0
89,25,18,0
89,26,18,0
89,27,18,0
89,28,18,0
89,29,18,0
89,30,18,0
89,31,18,0
89,32,18,0
89,33,18,0
89,34,18,0
89,35,18,0
89,36,18,0
89,37,18,0
89,38,18,0
89,39,18,0
89,40,18,0
90,1,14,3
90,2,18,5
90,3,22,6
90,4,22,7
90,5,24,6
90,6,20,6
90,7,35,6
90,8,33,5
90,9,20,5
90,10,20,6
90,11,24,7
90,12,22,6
90,13,22,7
90,14,22,7
90,15,24,6
90,16,20,6
90,17,20,4
90,18,16,3
90,19,0,1
90,20,0,1
90,21,0,0
90,22,0,0
90,23,0,0
90,24,0,0
90,25,0,0
90,26,0,0
90,27,0,0
91,1,14,3
91,2,18,5
91,3,20,6
91,4,20,6
91,5,20,6
91,6,37,7
91,7,22,7
91,8,24,8
91,9,26,8
91,10,24,7
91,11,22,7
91,12,26,8
91,13,24,7
91,14,24,8
91,15,26,8
91,16,26,8
91,17,41,9
91,18,45,11
91,19,30,8
91,20,24,7
91,21,24,7
91,22,24,7
91,23,39,9
91,24,43,8
91,25,28,7
91,26,24,5
91,27,20,3
91,28,18,4
91,29,0,3
91,30,0,2
91,31,0,0
91,32,0,0
92,1,14,3
92,2,16,4
92,3,18,3
92,4,14,2
92,5,14,3
92,6,16,4
92,7,16,4
92,8,18,4
92,9,18,5
92,10,20,5
92,11,20,5
92,12,18,5
92,13,18,3
92,14,0,1
92,15,0,0
92,16,0,0
92,17,0,0
92,18,0,0
92,19,0,0
92,20,0,0
92,21,0,0
92,22,0,0
92,23,0,0
92,24,0,0
92,25,0,0
93,1,16,4
93,2,18,5
93,3,20,6
93,4,22,7
93,5,22,6
93,6,20,5
93,7,18,4
93,8,22,7
93,9,39,9
93,10,39,9
93,11,41,9
93,12,28,9
93,13,28,10
93,14,56,12
93,15,59,15
93,16,61,15
93,17,65,18
93,18,69,20
93,19,71,20
93,20,91,20
93,21,70,20
93,22,68,22
93,23,72,24
93,24,113,25
94,1,16,4
94,2,22,7
94,3,24,8
94,4,24,6
94,5,22,7
94,6,24,7
94,7,24,7
94,8,24,7
94,9,24,8
94,10,26,9
94,11,26,9
94,12,26,9
94,13,28,10
94,14,30,11
94,15,47,12
94,16,51,12
94,17,49,13
94,18,51,13
94,19,51,14
94,20,55,14
94,21,53,14
94,22,38,12
94,23,36,11
94,24,49,13
94,25,61,15
94,26,65,17
94,27,67,18
94,28,67,18
94,29,85,18
