game,port,player
1,5003,Chinese
1,5002,Germans
1,5001,Italians
1,5000,Russians
2,5003,Chinese
2,5002,Germans
2,5000,Russians
2,5001,Italians
3,5000,Russians
3,5001,Italians
3,5002,Germans
3,5003,Chinese
4,5001,Italians
4,5002,Germans
4,5000,Russians
4,5003,Chinese
5,5002,Germans
5,5001,Italians
5,5000,Russians
5,5003,Chinese
6,5000,Russians
6,5003,Chinese
6,5002,Germans
6,5001,Italians
7,5001,Italians
7,5003,Chinese
7,5000,Russians
7,5002,Germans
8,5000,Russians
8,5002,Germans
8,5001,Italians
8,5003,Chinese
9,5000,Russians
9,5002,Germans
9,5003,Chinese
9,5001,Italians
10,5003,Chinese
10,5000,Russians
10,5001,Italians
10,5002,Germans
11,5001,Italians
11,5003,Chinese
11,5000,Russians
11,5002,Germans
12,5003,Chinese
12,5002,Germans
12,5001,Italians
12,5000,Russians
13,5001,Italians
13,5000,Russians
13,5003,Chinese
13,5002,Germans
14,5003,Chinese
14,5002,Germans
14,5000,Russians
14,5001,Italians
15,5002,Germans
15,5000,Russians
15,5003,Chinese
15,5001,Italians
16,5002,Germans
16,5000,Russians
16,5003,Chinese
16,5001,Italians
17,5001,Italians
17,5003,Chinese
17,5002,Germans
17,5000,Russians
18,5001,Italians
18,5002,Germans
18,5003,Chinese
18,5000,Russians
19,5002,Germans
19,5000,Russians
19,5003,Chinese
19,5001,Italians
20,5003,Chinese
20,5001,Italians
20,5002,Germans
20,5000,Russians
21,5000,Russians
21,5001,Italians
21,5002,Germans
21,5003,Chinese
22,5003,Chinese
22,5002,Germans
22,5000,Russians
22,5001,Italians
23,5001,Italians
23,5000,Russians
23,5003,Chinese
23,5002,Germans
24,5001,Italians
24,5003,Chinese
24,5000,Russians
24,5002,Germans
25,5003,Chinese
25,5001,Italians
25,5000,Russians
25,5002,Germans
26,5000,Russians
26,5003,Chinese
26,5001,Italians
26,5002,Germans
27,5001,Italians
27,5002,Germans
27,5000,Russians
27,5003,Chinese
28,5002,Germans
28,5003,Chinese
28,5000,Russians
28,5001,Italians
29,5000,Russians
29,5003,Chinese
29,5002,Germans
29,5001,Italians
30,5003,Chinese
30,5002,Germans
30,5000,Russians
30,5001,Italians
31,5003,Chinese
31,5001,Italians
31,5000,Russians
31,5002,Germans
32,5000,Russians
32,5001,Italians
32,5003,Chinese
32,5002,Germans
33,5000,Russians
33,5002,Germans
33,5003,Chinese
33,5001,Italians
34,5001,Italians
34,5000,Russians
34,5002,Germans
34,5003,Chinese
35,5000,Russians
35,5002,Germans
35,5003,Chinese
35,5001,Italians
36,5002,Germans
36,5003,Chinese
36,5001,Italians
36,5000,Russians
37,5003,Chinese
37,5002,Germans
37,5001,Italians
37,5000,Russians
38,5003,Chinese
38,5002,Germans
38,5000,Russians
38,5001,Italians
39,5000,Russians
39,5002,Germans
39,5003,Chinese
39,5001,Italians
40,5003,Chinese
40,5002,Germans
40,5000,Russians
40,5001,Italians
41,5000,Russians
41,5002,Germans
41,5001,Italians
41,5003,Chinese
42,5001,Italians
42,5002,Germans
42,5003,Chinese
42,5000,Russians
43,5003,Chinese
43,5002,Germans
43,5000,Russians
43,5001,Italians
44,5003,Chinese
44,5002,Germans
44,5000,Russians
44,5001,Italians
45,5003,Chinese
45,5002,Germans
45,5001,Italians
45,5000,Russians
46,5002,Germans
46,5001,Italians
46,5003,Chinese
46,5000,Russians
47,5002,Germans
47,5003,Chinese
47,5001,Italians
47,5000,Russians
48,5000,Russians
48,5001,Italians
48,5002,Germans
48,5003,Chinese
49,5000,Russians
49,5001,Italians
49,5002,Germans
49,5003,Chinese
50,5002,Germans
50,5003,Chinese
50,5001,Italians
50,5000,Russians
51,5001,Italians
51,5000,Russians
51,5003,Chinese
51,5002,Germans
52,5003,Chinese
52,5001,Italians
52,5000,Russians
52,5002,Germans
53,5002,Germans
53,5003,Chinese
53,5001,Italians
53,5000,Russians
54,5000,Russians
54,5001,Italians
54,5003,Chinese
54,5002,Germans
55,5000,Russians
55,5002,Germans
55,5001,Italians
55,5003,Chinese
56,5002,Germans
56,5000,Russians
56,5001,Italians
56,5003,Chinese
57,5003,Chinese
57,5000,Russians
57,5002,Germans
57,5001,Italians
58,5001,Italians
58,5000,Russians
58,5002,Germans
58,5003,Chinese
59,5000,Russians
59,5003,Chinese
59,5002,Germans
59,5001,Italians
60,5000,Russians
60,5001,Italians
60,5002,Germans
60,5003,Chinese
61,5003,Chinese
61,5002,Germans
61,5000,Russians
61,5001,Italians
62,5000,Russians
62,5001,Italians
62,5003,Chinese
62,5002,Germans
63,5001,Italians
63,5003,Chinese
63,5000,Russians
63,5002,Germans
64,5001,Italians
64,5003,Chinese
64,5000,Russians
64,5002,Germans
65,5003,Chinese
65,5000,Russians
65,5002,Germans
65,5001,Italians
66,5003,Chinese
66,5002,Germans
66,5000,Russians
66,5001,Italians
67,5000,Russians
67,5001,Italians
67,5002,Germans
67,5003,Chinese
68,5002,Germans
68,5003,Chinese
68,5000,Russians
68,5001,Italians
69,5000,Russians
69,5001,Italians
69,5002,Germans
69,5003,Chinese
70,5000,Russians
70,5001,Italians
70,5003,Chinese
70,5002,Germans
71,5000,Russians
71,5002,Germans
71,5001,Italians
71,5003,Chinese
72,5002,Germans
72,5001,Italians
72,5000,Russians
72,5003,Chinese
73,5001,Italians
73,5003,Chinese
73,5000,Russians
73,5002,Germans
74,5001,Italians
74,5000,Russians
74,5003,Chinese
74,5002,Germans
75,5001,Italians
75,5002,Germans
75,5003,Chinese
75,5000,Russians
76,5000,Russians
76,5003,Chinese
76,5002,Germans
76,5001,Italians
77,5003,Chinese
77,5000,Russians
77,5001,Italians
77,5002,Germans
78,5001,Italians
78,5000,Russians
78,5002,Germans
78,5003,Chinese
79,5001,Italians
79,5000,Russians
79,5003,Chinese
79,5002,Germans
80,5002,Germans
80,5003,Chinese
80,5000,Russians
80,5001,Italians
81,5003,Chinese
81,5000,Russians
81,5001,Italians
81,5002,Germans
82,5001,Italians
82,5003,Chinese
82,5002,Germans
82,5000,Russians
83,5000,Russians
83,5002,Germans
83,5003,Chinese
83,5001,Italians
84,5003,Chinese
84,5000,Russians
84,5002,Germans
84,5001,Italians
85,5003,Chinese
85,5001,Italians
85,5000,Russians
85,5002,Germans
86,5000,Russians
86,5003,Chinese
86,5001,Italians
86,5002,Germans
87,5002,Germans
87,5003,Chinese
87,5000,Russians
87,5001,Italians
88,5002,Germans
88,5001,Italians
88,5000,Russians
88,5003,Chinese
89,5003,Chinese
89,5000,Russians
89,5001,Italians
89,5002,Germans
90,5002,Germans
90,5003,Chinese
90,5000,Russians
90,5001,Italians
91,5003,Chinese
91,5001,Italians
91,5000,Russians
91,5002,Germans
92,5001,Italians
92,5000,Russians
92,5003,Chinese
92,5002,Germans
93,5000,Russians
93,5001,Italians
93,5002,Germans
93,5003,Chinese
94,5000,Russians
94,5002,Germans
94,5001,Italians
94,5003,Chinese
95,5002,Germans
95,5000,Russians
95,5003,Chinese
95,5001,Italians
96,5000,Russians
96,5002,Germans
96,5003,Chinese
96,5001,Italians
97,5001,Italians
97,5002,Germans
97,5000,Russians
97,5003,Chinese
98,5000,Russians
98,5003,Chinese
98,5002,Germans
98,5001,Italians
99,5001,Italians
99,5003,Chinese
99,5002,Germans
99,5000,Russians
100,5001,Italians
100,5002,Germans
100,5000,Russians
100,5003,Chinese
101,5000,Russians
101,5003,Chinese
101,5002,Germans
101,5001,Italians
102,5003,Chinese
102,5001,Italians
102,5000,Russians
102,5002,Germans
103,5000,Russians
103,5003,Chinese
103,5001,Italians
103,5002,Germans
104,5000,Russians
104,5002,Germans
104,5001,Italians
104,5003,Chinese
105,5003,Chinese
105,5000,Russians
105,5002,Germans
105,5001,Italians
106,5001,Italians
106,5002,Germans
106,5000,Russians
106,5003,Chinese
107,5001,Italians
107,5002,Germans
107,5003,Chinese
107,5000,Russians
108,5001,Italians
108,5000,Russians
108,5002,Germans
108,5003,Chinese
109,5001,Italians
109,5000,Russians
109,5002,Germans
109,5003,Chinese
110,5002,Germans
110,5001,Italians
110,5003,Chinese
110,5000,Russians
111,5003,Chinese
111,5000,Russians
111,5001,Italians
111,5002,Germans
112,5002,Germans
112,5000,Russians
112,5001,Italians
112,5003,Chinese
113,5003,Chinese
113,5002,Germans
113,5001,Italians
113,5000,Russians
114,5001,Italians
114,5003,Chinese
114,5000,Russians
114,5002,Germans
115,5001,Italians
115,5003,Chinese
115,5000,Russians
115,5002,Germans
116,5003,Chinese
116,5000,Russians
116,5001,Italians
116,5002,Germans
117,5003,Chinese
117,5000,Russians
117,5002,Germans
117,5001,Italians
118,5003,Chinese
118,5001,Italians
118,5002,Germans
118,5000,Russians
119,5001,Italians
119,5000,Russians
119,5002,Germans
119,5003,Chinese
120,5003,Chinese
120,5002,Germans
120,5000,Russians
120,5001,Italians
121,5002,Germans
121,5001,Italians
121,5000,Russians
121,5003,Chinese
122,5002,Germans
122,5003,Chinese
122,5001,Italians
122,5000,Russians
123,5003,Chinese
123,5001,Italians
123,5000,Russians
123,5002,Germans
124,5003,Chinese
124,5001,Italians
124,5002,Germans
124,5000,Russians
125,5003,Chinese
125,5001,Italians
125,5002,Germans
125,5000,Russians
126,5000,Russians
126,5001,Italians
126,5002,Germans
126,5003,Chinese
127,5000,Russians
127,5001,Italians
127,5003,Chinese
127,5002,Germans
128,5000,Russians
128,5003,Chinese
128,5002,Germans
128,5001,Italians
129,5001,Italians
129,5002,Germans
129,5003,Chinese
129,5000,Russians
130,5002,Germans
130,5003,Chinese
130,5000,Russians
130,5001,Italians
131,5000,Russians
131,5002,Germans
131,5001,Italians
131,5003,Chinese
132,5003,Chinese
132,5000,Russians
132,5002,Germans
132,5001,Italians
133,5001,Italians
133,5002,Germans
133,5000,Russians
133,5003,Chinese
134,5001,Italians
134,5000,Russians
134,5002,Germans
134,5003,Chinese
135,5000,Russians
135,5001,Italians
135,5003,Chinese
135,5002,Germans
136,5002,Germans
136,5000,Russians
136,5003,Chinese
136,5001,Italians
137,5001,Italians
137,5003,Chinese
137,5000,Russians
137,5002,Germans
138,5001,Italians
138,5002,Germans
138,5003,Chinese
138,5000,Russians
139,5002,Germans
139,5000,Russians
139,5001,Italians
139,5003,Chinese
140,5000,Russians
140,5002,Germans
140,5003,Chinese
140,5001,Italians
141,5002,Germans
141,5001,Italians
141,5003,Chinese
141,5000,Russians
142,5002,Germans
142,5003,Chinese
142,5001,Italians
142,5000,Russians
143,5001,Italians
143,5002,Germans
143,5003,Chinese
143,5000,Russians
144,5002,Germans
144,5000,Russians
144,5001,Italians
144,5003,Chinese
145,5001,Italians
145,5000,Russians
145,5002,Germans
145,5003,Chinese
146,5000,Russians
146,5001,Italians
146,5002,Germans
146,5003,Chinese
147,5002,Germans
147,5000,Russians
147,5003,Chinese
147,5001,Italians
148,5002,Germans
148,5001,Italians
148,5003,Chinese
148,5000,Russians
149,5002,Germans
149,5003,Chinese
149,5000,Russians
149,5001,Italians
150,5001,Italians
150,5000,Russians
150,5002,Germans
150,5003,Chinese
151,5003,Chinese
151,5001,Italians
151,5000,Russians
151,5002,Germans
152,5000,Russians
152,5001,Italians
152,5002,Germans
152,5003,Chinese
153,5003,Chinese
153,5000,Russians
153,5001,Italians
153,5002,Germans
154,5002,Germans
154,5001,Italians
154,5000,Russians
154,5003,Chinese
155,5003,Chinese
155,5002,Germans
155,5001,Italians
155,5000,Russians
156,5001,Italians
156,5000,Russians
156,5002,Germans
156,5003,Chinese
157,5001,Italians
157,5002,Germans
157,5000,Russians
157,5003,Chinese
158,5003,Chinese
158,5002,Germans
158,5001,Italians
158,5000,Russians
159,5000,Russians
159,5002,Germans
159,5003,Chinese
159,5001,Italians
160,5003,Chinese
160,5001,Italians
160,5002,Germans
160,5000,Russians
161,5001,Italians
161,5000,Russians
161,5002,Germans
161,5003,Chinese
162,5003,Chinese
162,5000,Russians
162,5001,Italians
162,5002,Germans
163,5002,Germans
163,5000,Russians
163,5001,Italians
163,5003,Chinese
164,5001,Italians
164,5003,Chinese
164,5000,Russians
164,5002,Germans
165,5002,Germans
165,5000,Russians
165,5001,Italians
165,5003,Chinese
166,5001,Italians
166,5000,Russians
166,5003,Chinese
166,5002,Germans
167,5001,Italians
167,5003,Chinese
167,5000,Russians
167,5002,Germans
168,5001,Italians
168,5000,Russians
168,5003,Chinese
168,5002,Germans
169,5003,Chinese
169,5002,Germans
169,5001,Italians
169,5000,Russians
170,5002,Germans
170,5003,Chinese
170,5000,Russians
170,5001,Italians
171,5001,Italians
171,5003,Chinese
171,5002,Germans
171,5000,Russians
172,5000,Russians
172,5003,Chinese
172,5002,Germans
172,5001,Italians
173,5002,Germans
173,5001,Italians
173,5000,Russians
173,5003,Chinese
174,5003,Chinese
174,5000,Russians
174,5001,Italians
174,5002,Germans
175,5001,Italians
175,5000,Russians
175,5002,Germans
175,5003,Chinese
176,5002,Germans
176,5001,Italians
176,5000,Russians
176,5003,Chinese
177,5000,Russians
177,5003,Chinese
177,5001,Italians
177,5002,Germans
178,5001,Italians
178,5002,Germans
178,5003,Chinese
178,5000,Russians
179,5000,Russians
179,5002,Germans
179,5003,Chinese
179,5001,Italians
180,5003,Chinese
180,5001,Italians
180,5002,Germans
180,5000,Russians
181,5001,Italians
181,5002,Germans
181,5000,Russians
181,5003,Chinese
182,5002,Germans
182,5003,Chinese
182,5000,Russians
182,5001,Italians
183,5001,Italians
183,5003,Chinese
183,5000,Russians
183,5002,Germans
184,5001,Italians
184,5003,Chinese
184,5000,Russians
184,5002,Germans
185,5002,Germans
185,5000,Russians
185,5001,Italians
185,5003,Chinese
186,5001,Italians
186,5003,Chinese
186,5002,Germans
186,5000,Russians
187,5002,Germans
187,5001,Italians
187,5000,Russians
187,5003,Chinese
188,5000,Russians
188,5002,Germans
188,5003,Chinese
188,5001,Italians
189,5000,Russians
189,5002,Germans
189,5003,Chinese
189,5001,Italians
190,5000,Russians
190,5002,Germans
190,5003,Chinese
190,5001,Italians
191,5002,Germans
191,5001,Italians
191,5003,Chinese
191,5000,Russians
192,5000,Russians
192,5001,Italians
192,5002,Germans
192,5003,Chinese
193,5003,Chinese
193,5001,Italians
193,5002,Germans
193,5000,Russians
194,5003,Chinese
194,5001,Italians
194,5002,Germans
194,5000,Russians
195,5003,Chinese
195,5001,Italians
195,5000,Russians
195,5002,Germans
196,5000,Russians
196,5001,Italians
196,5003,Chinese
196,5002,Germans
197,5002,Germans
197,5003,Chinese
197,5000,Russians
197,5001,Italians
198,5003,Chinese
198,5000,Russians
198,5002,Germans
198,5001,Italians
199,5003,Chinese
199,5000,Russians
199,5002,Germans
199,5001,Italians
200,5003,Chinese
200,5000,Russians
200,5002,Germans
200,5001,Italians
201,5000,Russians
201,5001,Italians
201,5003,Chinese
201,5002,Germans
202,5002,Germans
202,5001,Italians
202,5003,Chinese
202,5000,Russians
203,5003,Chinese
203,5001,Italians
203,5000,Russians
203,5002,Germans
204,5000,Russians
204,5002,Germans
204,5003,Chinese
204,5001,Italians
205,5000,Russians
205,5003,Chinese
205,5002,Germans
205,5001,Italians
206,5002,Germans
206,5000,Russians
206,5001,Italians
206,5003,Chinese
207,5002,Germans
207,5000,Russians
207,5003,Chinese
207,5001,Italians
208,5002,Germans
208,5001,Italians
208,5000,Russians
208,5003,Chinese
209,5000,Russians
209,5003,Chinese
209,5002,Germans
209,5001,Italians
210,5001,Italians
210,5000,Russians
210,5003,Chinese
210,5002,Germans
211,5001,Italians
211,5003,Chinese
211,5000,Russians
211,5002,Germans
212,5002,Germans
212,5003,Chinese
212,5001,Italians
212,5000,Russians
213,5000,Russians
213,5003,Chinese
213,5002,Germans
213,5001,Italians
214,5003,Chinese
214,5002,Germans
214,5001,Italians
214,5000,Russians
215,5001,Italians
215,5000,Russians
215,5002,Germans
215,5003,Chinese
216,5001,Italians
216,5000,Russians
216,5003,Chinese
216,5002,Germans
217,5002,Germans
217,5003,Chinese
217,5000,Russians
217,5001,Italians
218,5002,Germans
218,5003,Chinese
218,5000,Russians
218,5001,Italians
219,5002,Germans
219,5001,Italians
219,5003,Chinese
219,5000,Russians
220,5003,Chinese
220,5002,Germans
220,5000,Russians
220,5001,Italians
221,5003,Chinese
221,5001,Italians
221,5000,Russians
221,5002,Germans
222,5002,Germans
222,5001,Italians
222,5000,Russians
222,5003,Chinese
223,5000,Russians
223,5002,Germans
223,5001,Italians
223,5003,Chinese
224,5003,Chinese
224,5001,Italians
224,5002,Germans
224,5000,Russians
225,5003,Chinese
225,5000,Russians
225,5002,Germans
225,5001,Italians
226,5001,Italians
226,5000,Russians
226,5002,Germans
226,5003,Chinese
227,5001,Italians
227,5002,Germans
227,5003,Chinese
227,5000,Russians
228,5003,Chinese
228,5002,Germans
228,5001,Italians
228,5000,Russians
229,5000,Russians
229,5001,Italians
229,5002,Germans
229,5003,Chinese
230,5001,Italians
230,5000,Russians
230,5002,Germans
230,5003,Chinese
231,5000,Russians
231,5002,Germans
231,5003,Chinese
231,5001,Italians
232,5003,Chinese
232,5000,Russians
232,5002,Germans
232,5001,Italians
233,5001,Italians
233,5000,Russians
233,5002,Germans
233,5003,Chinese
234,5003,Chinese
234,5001,Italians
234,5000,Russians
234,5002,Germans
235,5002,Germans
235,5000,Russians
235,5001,Italians
235,5003,Chinese
236,5002,Germans
236,5000,Russians
236,5003,Chinese
236,5001,Italians
237,5003,Chinese
237,5002,Germans
237,5001,Italians
237,5000,Russians
238,5003,Chinese
238,5002,Germans
238,5000,Russians
238,5001,Italians
239,5003,Chinese
239,5001,Italians
239,5002,Germans
239,5000,Russians
240,5002,Germans
240,5003,Chinese
240,5001,Italians
240,5000,Russians
241,5002,Germans
241,5003,Chinese
241,5000,Russians
241,5001,Italians
242,5000,Russians
242,5003,Chinese
242,5001,Italians
242,5002,Germans
243,5002,Germans
243,5001,Italians
243,5000,Russians
243,5003,Chinese
244,5000,Russians
244,5002,Germans
244,5001,Italians
244,5003,Chinese
245,5003,Chinese
245,5002,Germans
245,5001,Italians
245,5000,Russians
246,5000,Russians
246,5003,Chinese
246,5002,Germans
246,5001,Italians
247,5000,Russians
247,5001,Italians
247,5003,Chinese
247,5002,Germans
248,5003,Chinese
248,5002,Germans
248,5000,Russians
248,5001,Italians
249,5003,Chinese
249,5001,Italians
249,5002,Germans
249,5000,Russians
250,5000,Russians
250,5001,Italians
250,5002,Germans
250,5003,Chinese
251,5002,Germans
251,5003,Chinese
251,5001,Italians
251,5000,Russians
252,5000,Russians
252,5002,Germans
252,5003,Chinese
252,5001,Italians
253,5000,Russians
253,5001,Italians
253,5002,Germans
253,5003,Chinese
254,5000,Russians
254,5002,Germans
254,5001,Italians
254,5003,Chinese
255,5001,Italians
255,5002,Germans
255,5000,Russians
255,5003,Chinese
256,5002,Germans
256,5000,Russians
256,5001,Italians
256,5003,Chinese
257,5002,Germans
257,5003,Chinese
257,5000,Russians
257,5001,Italians
258,5003,Chinese
258,5002,Germans
258,5001,Italians
258,5000,Russians
259,5002,Germans
259,5003,Chinese
259,5000,Russians
259,5001,Italians
260,5002,Germans
260,5003,Chinese
260,5000,Russians
260,5001,Italians
261,5003,Chinese
261,5002,Germans
261,5000,Russians
261,5001,Italians
262,5001,Italians
262,5000,Russians
262,5002,Germans
262,5003,Chinese
263,5001,Italians
263,5002,Germans
263,5003,Chinese
263,5000,Russians
264,5003,Chinese
264,5001,Italians
264,5002,Germans
264,5000,Russians
265,5001,Italians
265,5003,Chinese
265,5002,Germans
265,5000,Russians
266,5003,Chinese
266,5001,Italians
266,5000,Russians
266,5002,Germans
267,5001,Italians
267,5002,Germans
267,5003,Chinese
267,5000,Russians
268,5003,Chinese
268,5002,Germans
268,5000,Russians
268,5001,Italians
269,5003,Chinese
269,5002,Germans
269,5001,Italians
269,5000,Russians
270,5000,Russians
270,5003,Chinese
270,5002,Germans
270,5001,Italians
271,5002,Germans
271,5001,Italians
271,5000,Russians
271,5003,Chinese
272,5001,Italians
272,5003,Chinese
272,5000,Russians
272,5002,Germans
273,5001,Italians
273,5000,Russians
273,5003,Chinese
273,5002,Germans
274,5002,Germans
274,5001,Italians
274,5003,Chinese
274,5000,Russians
275,5001,Italians
275,5002,Germans
275,5003,Chinese
275,5000,Russians
276,5003,Chinese
276,5000,Russians
276,5001,Italians
276,5002,Germans
277,5003,Chinese
277,5001,Italians
277,5000,Russians
277,5002,Germans
278,5002,Germans
278,5000,Russians
278,5003,Chinese
278,5001,Italians
279,5003,Chinese
279,5001,Italians
279,5002,Germans
279,5000,Russians
280,5000,Russians
280,5002,Germans
280,5001,Italians
280,5003,Chinese
281,5000,Russians
281,5003,Chinese
281,5002,Germans
281,5001,Italians
282,5002,Germans
282,5001,Italians
282,5000,Russians
282,5003,Chinese
283,5000,Russians
283,5001,Italians
283,5003,Chinese
283,5002,Germans
284,5003,Chinese
284,5002,Germans
284,5000,Russians
284,5001,Italians
285,5002,Germans
285,5003,Chinese
285,5001,Italians
285,5000,Russians
286,5003,Chinese
286,5000,Russians
286,5001,Italians
286,5002,Germans
287,5002,Germans
287,5000,Russians
287,5003,Chinese
287,5001,Italians
288,5000,Russians
288,5002,Germans
288,5001,Italians
288,5003,Chinese
289,5001,Italians
289,5003,Chinese
289,5002,Germans
289,5000,Russians
290,5001,Italians
290,5000,Russians
290,5003,Chinese
290,5002,Germans
291,5000,Russians
291,5001,Italians
291,5003,Chinese
291,5002,Germans
292,5003,Chinese
292,5000,Russians
292,5001,Italians
292,5002,Germans
293,5001,Italians
293,5003,Chinese
293,5000,Russians
293,5002,Germans
294,5000,Russians
294,5003,Chinese
294,5001,Italians
294,5002,Germans
295,5000,Russians
295,5001,Italians
295,5003,Chinese
295,5002,Germans
296,5003,Chinese
296,5001,Italians
296,5000,Russians
296,5002,Germans
297,5003,Chinese
297,5001,Italians
297,5000,Russians
297,5002,Germans
298,5000,Russians
298,5002,Germans
298,5001,Italians
298,5003,Chinese
299,5000,Russians
299,5002,Germans
299,5001,Italians
299,5003,Chinese
300,5003,Chinese
300,5000,Russians
300,5001,Italians
300,5002,Germans
301,5001,Italians
301,5002,Germans
301,5000,Russians
301,5003,Chinese
302,5001,Italians
302,5000,Russians
302,5003,Chinese
302,5002,Germans
303,5000,Russians
303,5002,Germans
303,5001,Italians
303,5003,Chinese
304,5002,Germans
304,5001,Italians
304,5003,Chinese
304,5000,Russians
305,5002,Germans
305,5001,Italians
305,5003,Chinese
305,5000,Russians
306,5002,Germans
306,5003,Chinese
306,5001,Italians
306,5000,Russians
307,5001,Italians
307,5000,Russians
307,5002,Germans
307,5003,Chinese
308,5002,Germans
308,5000,Russians
308,5003,Chinese
308,5001,Italians
309,5002,Germans
309,5001,Italians
309,5000,Russians
309,5003,Chinese
310,5002,Germans
310,5000,Russians
310,5003,Chinese
310,5001,Italians
311,5001,Italians
311,5003,Chinese
311,5002,Germans
311,5000,Russians
312,5002,Germans
312,5000,Russians
312,5003,Chinese
312,5001,Italians
313,5000,Russians
313,5001,Italians
313,5003,Chinese
313,5002,Germans
314,5000,Russians
314,5001,Italians
314,5002,Germans
314,5003,Chinese
315,5002,Germans
315,5003,Chinese
315,5001,Italians
315,5000,Russians
316,5003,Chinese
316,5000,Russians
316,5002,Germans
316,5001,Italians
317,5003,Chinese
317,5001,Italians
317,5000,Russians
317,5002,Germans
318,5003,Chinese
318,5000,Russians
318,5001,Italians
318,5002,Germans
319,5002,Germans
319,5001,Italians
319,5003,Chinese
319,5000,Russians
320,5000,Russians
320,5002,Germans
320,5001,Italians
320,5003,Chinese
321,5003,Chinese
321,5000,Russians
321,5001,Italians
321,5002,Germans
322,5003,Chinese
322,5002,Germans
322,5000,Russians
322,5001,Italians
323,5000,Russians
323,5001,Italians
323,5002,Germans
323,5003,Chinese
324,5000,Russians
324,5003,Chinese
324,5002,Germans
324,5001,Italians
325,5003,Chinese
325,5000,Russians
325,5001,Italians
325,5002,Germans
326,5001,Italians
326,5003,Chinese
326,5000,Russians
326,5002,Germans
327,5003,Chinese
327,5000,Russians
327,5001,Italians
327,5002,Germans
328,5002,Germans
328,5001,Italians
328,5003,Chinese
328,5000,Russians
329,5001,Italians
329,5000,Russians
329,5002,Germans
329,5003,Chinese
330,5002,Germans
330,5001,Italians
330,5003,Chinese
330,5000,Russians
331,5000,Russians
331,5002,Germans
331,5001,Italians
331,5003,Chinese
332,5003,Chinese
332,5000,Russians
332,5001,Italians
332,5002,Germans
333,5001,Italians
333,5002,Germans
333,5000,Russians
333,5003,Chinese
334,5002,Germans
334,5000,Russians
334,5001,Italians
334,5003,Chinese
335,5001,Italians
335,5000,Russians
335,5002,Germans
335,5003,Chinese
336,5003,Chinese
336,5002,Germans
336,5001,Italians
336,5000,Russians
337,5000,Russians
337,5001,Italians
337,5003,Chinese
337,5002,Germans
338,5001,Italians
338,5000,Russians
338,5003,Chinese
338,5002,Germans
339,5002,Germans
339,5003,Chinese
339,5001,Italians
339,5000,Russians
340,5002,Germans
340,5003,Chinese
340,5000,Russians
340,5001,Italians
341,5002,Germans
341,5003,Chinese
341,5001,Italians
341,5000,Russians
342,5001,Italians
342,5003,Chinese
342,5000,Russians
342,5002,Germans
343,5002,Germans
343,5000,Russians
343,5001,Italians
343,5003,Chinese
344,5000,Russians
344,5003,Chinese
344,5002,Germans
344,5001,Italians
345,5003,Chinese
345,5001,Italians
345,5000,Russians
345,5002,Germans
346,5003,Chinese
346,5001,Italians
346,5002,Germans
346,5000,Russians
347,5001,Italians
347,5003,Chinese
347,5000,Russians
347,5002,Germans
348,5000,Russians
348,5001,Italians
348,5002,Germans
348,5003,Chinese
349,5000,Russians
349,5002,Germans
349,5001,Italians
349,5003,Chinese
350,5000,Russians
350,5001,Italians
350,5003,Chinese
350,5002,Germans
351,5001,Italians
351,5000,Russians
351,5003,Chinese
351,5002,Germans
352,5003,Chinese
352,5001,Italians
352,5002,Germans
352,5000,Russians
353,5001,Italians
353,5000,Russians
353,5003,Chinese
353,5002,Germans
354,5000,Russians
354,5002,Germans
354,5003,Chinese
354,5001,Italians
355,5002,Germans
355,5001,Italians
355,5000,Russians
355,5003,Chinese
356,5000,Russians
356,5001,Italians
356,5003,Chinese
356,5002,Germans
357,5002,Germans
357,5000,Russians
357,5001,Italians
357,5003,Chinese
358,5001,Italians
358,5003,Chinese
358,5000,Russians
358,5002,Germans
359,5000,Russians
359,5001,Italians
359,5002,Germans
359,5003,Chinese
360,5003,Chinese
360,5000,Russians
360,5002,Germans
360,5001,Italians
361,5002,Germans
361,5003,Chinese
361,5001,Italians
361,5000,Russians
362,5002,Germans
362,5001,Italians
362,5000,Russians
362,5003,Chinese
363,5000,Russians
363,5002,Germans
363,5001,Italians
363,5003,Chinese
364,5003,Chinese
364,5002,Germans
364,5000,Russians
364,5001,Italians
365,5002,Germans
365,5003,Chinese
365,5000,Russians
365,5001,Italians
366,5003,Chinese
366,5001,Italians
366,5000,Russians
366,5002,Germans
367,5002,Germans
367,5000,Russians
367,5001,Italians
367,5003,Chinese
368,5001,Italians
368,5002,Germans
368,5003,Chinese
368,5000,Russians
369,5001,Italians
369,5002,Germans
369,5000,Russians
369,5003,Chinese
370,5001,Italians
370,5002,Germans
370,5003,Chinese
370,5000,Russians
371,5001,Italians
371,5002,Germans
371,5003,Chinese
371,5000,Russians
372,5003,Chinese
372,5002,Germans
372,5000,Russians
372,5001,Italians
373,5003,Chinese
373,5002,Germans
373,5000,Russians
373,5001,Italians
374,5002,Germans
374,5001,Italians
374,5000,Russians
374,5003,Chinese
375,5000,Russians
375,5003,Chinese
375,5001,Italians
375,5002,Germans
376,5000,Russians
376,5003,Chinese
376,5001,Italians
376,5002,Germans
377,5002,Germans
377,5001,Italians
377,5000,Russians
377,5003,Chinese
378,5001,Italians
378,5002,Germans
378,5000,Russians
378,5003,Chinese
379,5001,Italians
379,5003,Chinese
379,5000,Russians
379,5002,Germans
380,5000,Russians
380,5001,Italians
380,5002,Germans
380,5003,Chinese
381,5000,Russians
381,5001,Italians
381,5003,Chinese
381,5002,Germans
382,5000,Russians
382,5003,Chinese
382,5002,Germans
382,5001,Italians
383,5003,Chinese
383,5002,Germans
383,5001,Italians
383,5000,Russians
384,5002,Germans
384,5003,Chinese
384,5001,Italians
384,5000,Russians
385,5000,Russians
385,5001,Italians
385,5002,Germans
385,5003,Chinese
386,5001,Italians
386,5003,Chinese
386,5002,Germans
386,5000,Russians
387,5000,Russians
387,5002,Germans
387,5003,Chinese
387,5001,Italians
388,5001,Italians
388,5003,Chinese
388,5002,Germans
388,5000,Russians
389,5001,Italians
389,5003,Chinese
389,5000,Russians
389,5002,Germans
390,5002,Germans
390,5003,Chinese
390,5000,Russians
390,5001,Italians
391,5003,Chinese
391,5001,Italians
391,5000,Russians
391,5002,Germans
392,5002,Germans
392,5003,Chinese
392,5000,Russians
392,5001,Italians
393,5001,Italians
393,5003,Chinese
393,5002,Germans
393,5000,Russians
394,5003,Chinese
394,5000,Russians
394,5001,Italians
394,5002,Germans
395,5000,Russians
395,5003,Chinese
395,5001,Italians
395,5002,Germans
396,5002,Germans
396,5000,Russians
396,5003,Chinese
396,5001,Italians
397,5001,Italians
397,5003,Chinese
397,5000,Russians
397,5002,Germans
398,5000,Russians
398,5002,Germans
398,5001,Italians
398,5003,Chinese
399,5002,Germans
399,5000,Russians
399,5003,Chinese
399,5001,Italians
400,5003,Chinese
400,5000,Russians
400,5001,Italians
400,5002,Germans
401,5002,Germans
401,5003,Chinese
401,5000,Russians
401,5001,Italians
402,5002,Germans
402,5000,Russians
402,5001,Italians
402,5003,Chinese
403,5001,Italians
403,5000,Russians
403,5002,Germans
403,5003,Chinese
404,5001,Italians
404,5000,Russians
404,5003,Chinese
404,5002,Germans
405,5000,Russians
405,5001,Italians
405,5003,Chinese
405,5002,Germans
406,5002,Germans
406,5003,Chinese
406,5001,Italians
406,5000,Russians
407,5000,Russians
407,5001,Italians
407,5002,Germans
407,5003,Chinese
408,5002,Germans
408,5000,Russians
408,5001,Italians
408,5003,Chinese
409,5001,Italians
409,5002,Germans
409,5000,Russians
409,5003,Chinese
410,5000,Russians
410,5002,Germans
410,5001,Italians
410,5003,Chinese
411,5001,Italians
411,5003,Chinese
411,5002,Germans
411,5000,Russians
412,5003,Chinese
412,5000,Russians
412,5002,Germans
412,5001,Italians
413,5003,Chinese
413,5000,Russians
413,5002,Germans
413,5001,Italians
414,5002,Germans
414,5001,Italians
414,5000,Russians
414,5003,Chinese
415,5001,Italians
415,5003,Chinese
415,5000,Russians
415,5002,Germans
416,5002,Germans
416,5000,Russians
416,5001,Italians
416,5003,Chinese
417,5002,Germans
417,5003,Chinese
417,5001,Italians
417,5000,Russians
418,5000,Russians
418,5002,Germans
418,5003,Chinese
418,5001,Italians
419,5000,Russians
419,5001,Italians
419,5003,Chinese
419,5002,Germans
420,5003,Chinese
420,5002,Germans
420,5000,Russians
420,5001,Italians
421,5002,Germans
421,5003,Chinese
421,5001,Italians
421,5000,Russians
422,5002,Germans
422,5003,Chinese
422,5000,Russians
422,5001,Italians
423,5002,Germans
423,5000,Russians
423,5001,Italians
423,5003,Chinese
424,5001,Italians
424,5000,Russians
424,5002,Germans
424,5003,Chinese
425,5001,Italians
425,5003,Chinese
425,5000,Russians
425,5002,Germans
426,5000,Russians
426,5001,Italians
426,5002,Germans
426,5003,Chinese
427,5003,Chinese
427,5000,Russians
427,5002,Germans
427,5001,Italians
428,5001,Italians
428,5000,Russians
428,5003,Chinese
428,5002,Germans
429,5000,Russians
429,5002,Germans
429,5001,Italians
429,5003,Chinese
430,5001,Italians
430,5000,Russians
430,5002,Germans
430,5003,Chinese
431,5002,Germans
431,5001,Italians
431,5000,Russians
431,5003,Chinese
432,5002,Germans
432,5003,Chinese
432,5001,Italians
432,5000,Russians
433,5000,Russians
433,5002,Germans
433,5001,Italians
433,5003,Chinese
434,5002,Germans
434,5003,Chinese
434,5000,Russians
434,5001,Italians
435,5001,Italians
435,5002,Germans
435,5003,Chinese
435,5000,Russians
436,5002,Germans
436,5003,Chinese
436,5000,Russians
436,5001,Italians
437,5000,Russians
437,5003,Chinese
437,5002,Germans
437,5001,Italians
438,5000,Russians
438,5003,Chinese
438,5001,Italians
438,5002,Germans
439,5000,Russians
439,5002,Germans
439,5003,Chinese
439,5001,Italians
440,5001,Italians
440,5000,Russians
440,5003,Chinese
440,5002,Germans
