game,player,z,num_examples,value_mean,value_std,percent_full_iter
1,5002,-1.0,87,0.0635,0.0549,70.11
1,5001,0.33333333333333337,186,0.0645,0.0593,77.96
1,5003,-0.33333333333333326,227,-0.0254,0.0191,53.300000000000004
1,5000,1.0,274,-0.052,0.0365,16.06
2,5003,-0.33333333333333326,56,0.0147,0.0144,94.64
2,5000,0.33333333333333337,70,-0.0518,0.049,87.14
2,5001,-1.0,51,-0.042,0.0352,94.12
2,5002,1.0,98,0.0689,0.0491,40.82
3,5003,-1.0,28,-0.0634,0.0512,78.57
3,5001,0.33333333333333337,76,-0.0974,0.0809,69.74000000000001
3,5000,-0.33333333333333326,73,-0.0822,0.0612,53.42
3,5002,1.0,99,0.0398,0.0269,53.54
4,5000,-1.0,60,0.0236,0.02,80.0
4,5001,-0.33333333333333326,107,-0.0572,0.0425,67.29
4,5002,0.33333333333333337,131,0.0891,0.0636,45.04
4,5003,1.0,145,0.0315,0.0215,26.21
5,5001,-1.0,54,-0.012,0.0116,94.44
5,5003,1.0,89,-0.0031,0.0066,42.699999999999996
5,5002,0.33333333333333337,84,0.0685,0.0538,63.1
5,5000,-0.33333333333333326,90,-0.0346,0.0247,36.67
6,5001,-1.0,59,-0.0192,0.0155,94.92
6,5000,0.33333333333333337,81,0.0559,0.0464,64.2
6,5003,-0.33333333333333326,74,-0.0735,0.0642,62.160000000000004
6,5002,1.0,111,0.052,0.034,23.419999999999998
7,5000,-1.0,60,-0.0309,0.0239,55.00000000000001
7,5002,-0.33333333333333326,66,-0.0186,0.017,86.36
7,5003,0.33333333333333337,81,-0.0771,0.0675,86.42
7,5001,1.0,109,0.0189,0.0138,27.52
8,5002,-1.0,56,-0.012,0.009,55.36
8,5003,0.33333333333333337,68,0.0393,0.0349,85.28999999999999
8,5000,-0.33333333333333326,64,-0.0144,0.0128,89.05999999999999
8,5001,1.0,88,0.0332,0.025,32.95
9,5002,-1.0,40,-0.0712,0.0555,92.5
9,5000,-0.33333333333333326,84,0.0433,0.0326,38.1
9,5001,0.33333333333333337,92,0.0348,0.028,66.3
9,5003,1.0,108,-0.0909,0.0643,21.3
10,5001,-1.0,79,-0.0641,0.0558,84.81
10,5003,-0.33333333333333326,108,0.0214,0.0173,50.0
10,5002,1.0,159,0.0607,0.0412,32.08
10,5000,0.33333333333333337,125,0.0276,0.0233,50.4
11,5002,-1.0,51,0.0082,0.0072,72.55
11,5000,-0.33333333333333326,64,0.0098,0.0092,81.25
11,5001,1.0,183,-0.0719,0.049,59.019999999999996
11,5003,0.33333333333333337,175,0.0765,0.0534,31.430000000000003
12,5001,-0.33333333333333326,85,-0.0018,0.0069,88.24
12,5003,-1.0,67,0.0848,0.0721,68.66
12,5000,1.0,301,-0.0211,0.0199,24.25
12,5002,0.33333333333333337,275,-0.0629,0.0459,36.0
13,5002,-1.0,67,-0.0237,0.0241,91.03999999999999
13,5000,-0.33333333333333326,86,-0.0732,0.0607,73.26
13,5003,0.33333333333333337,163,-0.0707,0.0484,39.26
13,5001,1.0,157,0.0287,0.0207,40.760000000000005
14,5002,-0.33333333333333326,77,0.0661,0.0503,75.32
14,5000,-1.0,68,-0.0576,0.0454,100.0
14,5003,0.33333333333333337,91,0.0401,0.0319,39.56
14,5001,1.0,118,-0.09,0.0597,36.44
15,5000,-1.0,63,0.0304,0.0252,66.67
15,5002,-0.33333333333333326,91,-0.0408,0.032,64.84
15,5003,0.33333333333333337,106,-0.007,0.0109,65.09
15,5001,1.0,118,-0.0745,0.0544,57.63
16,5003,0.33333333333333337,93,0.026,0.0226,66.67
16,5002,-1.0,71,0.049,0.0409,67.61
16,5000,-0.33333333333333326,89,0.0335,0.0314,82.02000000000001
16,5001,1.0,129,0.031,0.0216,26.36
17,5000,-1.0,44,-0.0205,0.0171,90.91
17,5002,0.33333333333333337,69,-0.01,0.0094,59.419999999999995
17,5001,-0.33333333333333326,71,-0.0744,0.0602,63.38
17,5003,1.0,94,-0.0367,0.0241,47.870000000000005
18,5001,-1.0,77,0.0099,0.0095,79.22
18,5002,0.33333333333333337,124,0.044,0.0317,45.16
18,5003,-0.33333333333333326,87,0.0544,0.0426,55.169999999999995
18,5000,1.0,136,-0.0047,0.0064,24.26
19,5000,-1.0,26,-0.0133,0.0125,88.46000000000001
19,5001,0.33333333333333337,50,0.0203,0.0173,50.0
19,5002,-0.33333333333333326,37,-0.0253,0.0223,72.97
19,5003,1.0,52,-0.0854,0.0704,59.62
20,5003,0.33333333333333337,77,0.0677,0.0559,81.82000000000001
20,5002,-1.0,50,-0.0223,0.0187,68.0
20,5001,1.0,98,0.0619,0.0434,26.529999999999998
20,5000,-0.33333333333333326,70,-0.0649,0.0515,52.86
21,5002,1.0,102,-0.0051,0.0066,42.16
21,5001,-1.0,68,0.1072,0.0819,63.239999999999995
21,5003,-0.33333333333333326,55,-0.0017,0.0039,94.55
21,5000,0.33333333333333337,108,0.0855,0.0605,45.37
22,5001,-0.33333333333333326,66,-0.0094,0.0079,87.88
22,5003,-1.0,61,0.0551,0.04,60.660000000000004
22,5000,0.33333333333333337,80,0.0827,0.0658,82.5
22,5002,1.0,102,0.0085,0.0063,37.25
23,5000,-1.0,42,0.0632,0.0575,85.71
23,5001,0.33333333333333337,91,-0.03,0.0228,50.55
23,5003,1.0,101,0.0578,0.0404,29.7
23,5002,-0.33333333333333326,73,-0.0499,0.034,45.21
24,5002,-0.33333333333333326,141,0.0778,0.0569,48.230000000000004
24,5000,-1.0,131,0.0504,0.0373,54.96
24,5003,0.33333333333333337,156,0.0544,0.0407,71.15
24,5001,1.0,172,0.0105,0.0075,25.0
25,5001,-1.0,78,0.0166,0.0144,73.08
25,5003,0.33333333333333337,118,-0.053,0.0382,57.63
25,5002,1.0,130,-0.0949,0.0647,15.379999999999999
25,5000,-0.33333333333333326,116,-0.0049,0.0038,73.28
26,5002,-1.0,67,-0.0278,0.026,91.03999999999999
26,5001,-0.33333333333333326,107,-0.055,0.0445,76.64
26,5000,0.33333333333333337,112,-0.0095,0.0096,75.0
26,5003,1.0,134,0.0542,0.0374,23.880000000000003
27,5001,-0.33333333333333326,82,-0.007,0.0066,87.8
27,5003,-1.0,80,-0.0144,0.0129,77.5
27,5002,1.0,175,-0.0486,0.0369,57.709999999999994
27,5000,0.33333333333333337,192,0.0143,0.0111,38.019999999999996
28,5001,0.33333333333333337,101,0.0021,0.0043,61.39
28,5002,-1.0,70,0.0088,0.0093,84.28999999999999
28,5003,1.0,145,0.0251,0.0171,24.14
28,5000,-0.33333333333333326,117,0.0315,0.0251,60.68
29,5000,-1.0,55,0.0318,0.0271,89.09
29,5002,0.33333333333333337,95,-0.0305,0.0285,78.95
29,5001,1.0,128,-0.0732,0.0531,37.5
29,5003,-0.33333333333333326,98,-0.1063,0.081,50.0
30,5002,-0.33333333333333326,156,0.0613,0.0563,79.49000000000001
30,5001,0.33333333333333337,224,0.0411,0.0298,58.040000000000006
30,5000,-1.0,193,-0.0458,0.0332,52.849999999999994
30,5003,1.0,248,-0.0532,0.038,23.39
31,5003,-1.0,43,-0.0773,0.0567,86.05000000000001
31,5001,-0.33333333333333326,49,-0.038,0.0318,85.71
31,5002,0.33333333333333337,69,-0.0504,0.0406,59.419999999999995
31,5000,1.0,86,0.0128,0.0091,36.05
32,5002,-1.0,33,-0.0398,0.0411,100.0
32,5000,-0.33333333333333326,48,0.0288,0.0256,64.58
32,5003,0.33333333333333337,108,0.0768,0.0569,49.07
32,5001,1.0,118,-0.0765,0.0553,41.53
33,5001,-1.0,47,0.0366,0.0306,68.08999999999999
33,5002,1.0,114,0.0701,0.051,26.32
33,5003,-0.33333333333333326,78,-0.0724,0.0589,69.23
33,5000,0.33333333333333337,114,-0.0222,0.0161,54.39000000000001
34,5001,-0.33333333333333326,72,0.0611,0.0502,91.67
34,5003,-1.0,80,0.0942,0.0732,72.5
34,5002,0.33333333333333337,98,0.0173,0.0139,64.29
34,5000,1.0,106,-0.0649,0.0497,35.85
35,5000,-1.0,77,-0.0733,0.0524,53.25
35,5003,0.33333333333333337,95,-0.0542,0.0444,57.89
35,5002,-0.33333333333333326,72,-0.0487,0.0531,91.67
35,5001,1.0,123,0.0488,0.0342,26.83
36,5003,-1.0,59,-0.0309,0.0228,72.88
36,5001,-0.33333333333333326,76,0.0221,0.02,77.63
36,5000,0.33333333333333337,104,0.0026,0.0039,81.73
36,5002,1.0,102,0.0207,0.0163,44.12
37,5003,-1.0,26,-0.059,0.0546,80.77
37,5000,0.33333333333333337,55,0.0405,0.0387,85.45
37,5001,-0.33333333333333326,63,0.0728,0.0554,69.84
37,5002,1.0,77,0.0841,0.0584,40.26
38,5001,-1.0,57,0.0169,0.0153,84.21
38,5000,0.33333333333333337,93,0.0625,0.0497,54.84
38,5002,1.0,118,-0.055,0.0368,26.27
38,5003,-0.33333333333333326,70,0.0418,0.0356,85.71
39,5002,-1.0,101,0.011,0.0098,70.3
39,5003,-0.33333333333333326,138,0.0203,0.0161,68.12
39,5001,1.0,158,0.0114,0.0092,31.009999999999998
39,5000,0.33333333333333337,145,0.0637,0.0485,46.9
40,5002,-0.33333333333333326,48,0.0823,0.0758,66.67
40,5003,0.33333333333333337,62,0.0267,0.0213,69.35
40,5000,-1.0,33,-0.0083,0.0088,81.82000000000001
40,5001,1.0,76,-0.0504,0.0358,36.84
41,5001,-1.0,41,-0.0013,0.0067,70.73
41,5003,-0.33333333333333326,91,-0.0198,0.0188,76.92
41,5002,0.33333333333333337,144,0.0079,0.0068,63.190000000000005
41,5000,1.0,152,-0.0129,0.0163,44.080000000000005
42,5000,-1.0,39,0.0677,0.0507,76.92
42,5001,0.33333333333333337,92,-0.0334,0.0267,94.57
42,5002,-0.33333333333333326,83,0.0391,0.0306,84.34
42,5003,1.0,106,-0.0118,0.0104,15.09
43,5001,-1.0,49,-0.0632,0.0463,75.51
43,5003,-0.33333333333333326,39,0.0015,0.0022,92.31
43,5002,1.0,108,-0.0242,0.0169,40.739999999999995
43,5000,0.33333333333333337,105,0.0107,0.008,44.76
44,5002,-1.0,60,-0.0125,0.0102,76.67
44,5000,-0.33333333333333326,93,0.0893,0.0649,62.370000000000005
44,5001,1.0,108,-0.0381,0.0267,31.480000000000004
44,5003,0.33333333333333337,85,0.048,0.0394,81.17999999999999
45,5002,-1.0,42,-0.045,0.0374,71.43
45,5003,0.33333333333333337,133,-0.0606,0.0446,65.41
45,5000,-0.33333333333333326,108,-0.0229,0.0186,79.63
45,5001,1.0,154,-0.0413,0.0308,17.53
46,5001,-1.0,62,0.0292,0.0243,75.81
46,5002,1.0,133,-0.004,0.0057,53.38
46,5000,0.33333333333333337,145,0.0098,0.0071,46.21
46,5003,-0.33333333333333326,105,0.093,0.0717,66.67
47,5001,-0.33333333333333326,55,-0.0443,0.0365,65.45
47,5000,0.33333333333333337,61,-0.0213,0.0192,62.3
47,5002,1.0,81,-0.0078,0.0063,53.09
47,5003,-1.0,55,0.0686,0.054,45.45
48,5001,-1.0,67,-0.0716,0.0588,73.13
48,5002,0.33333333333333337,127,0.0424,0.0293,48.03
48,5003,-0.33333333333333326,77,0.0281,0.0227,74.03
48,5000,1.0,119,-0.0162,0.0127,33.61
49,5002,-0.33333333333333326,68,-0.0365,0.0288,79.41
49,5000,-1.0,49,0.0478,0.0432,89.8
49,5001,1.0,85,0.0713,0.0554,57.65
49,5003,0.33333333333333337,80,0.0103,0.009,37.5
50,5002,-1.0,39,0.0179,0.0166,100.0
50,5000,-0.33333333333333326,73,-0.0657,0.0489,58.9
50,5003,0.33333333333333337,82,-0.0061,0.0049,68.28999999999999
50,5001,1.0,97,-0.0239,0.0184,49.480000000000004
51,5000,-1.0,57,0.0369,0.0305,87.72
51,5002,-0.33333333333333326,88,0.0076,0.0076,81.82000000000001
51,5003,0.33333333333333337,139,0.0657,0.0426,30.220000000000002
51,5001,1.0,140,0.0078,0.009,32.14
52,5003,-1.0,45,-0.0051,0.004,91.11
52,5000,-0.33333333333333326,61,-0.0795,0.0663,91.8
52,5001,0.33333333333333337,108,-0.04,0.0272,62.03999999999999
52,5002,1.0,107,-0.0684,0.0467,25.230000000000004
53,5003,-1.0,53,0.054,0.044,60.38
53,5001,-0.33333333333333326,58,0.0474,0.0398,84.48
53,5002,0.33333333333333337,103,-0.018,0.0132,42.72
53,5000,1.0,93,0.065,0.0509,40.86
54,5001,-0.33333333333333326,84,0.0032,0.0031,63.1
54,5000,0.33333333333333337,113,-0.0765,0.0547,43.36
54,5003,-1.0,68,-0.0575,0.0467,77.94
54,5002,1.0,110,-0.0504,0.0368,35.449999999999996
55,5001,-1.0,44,-0.0791,0.0598,72.72999999999999
55,5003,-0.33333333333333326,51,-0.0433,0.0364,82.35
55,5002,0.33333333333333337,87,-0.0626,0.0491,68.97
55,5000,1.0,93,-0.0008,0.0029,33.33
56,5002,1.0,129,0.0819,0.06,42.64
56,5001,-0.33333333333333326,114,0.0493,0.0391,71.93
56,5000,0.33333333333333337,117,-0.052,0.0411,76.92
56,5003,-1.0,99,0.0328,0.025,52.53
57,5002,-1.0,68,-0.0519,0.0447,91.18
57,5000,-0.33333333333333326,128,0.0547,0.0431,62.5
57,5003,0.33333333333333337,233,0.0186,0.0137,18.88
57,5001,1.0,247,-0.0128,0.0093,39.269999999999996
58,5003,-1.0,49,0.051,0.0372,79.59
58,5001,0.33333333333333337,151,0.0226,0.017,57.620000000000005
58,5000,-0.33333333333333326,143,-0.1143,0.0855,66.43
58,5002,1.0,195,0.0717,0.0464,22.56
59,5002,-0.33333333333333326,84,0.0173,0.0133,50.0
59,5001,0.33333333333333337,114,0.0122,0.0093,43.86
59,5003,1.0,123,0.0291,0.0206,31.71
59,5000,-1.0,69,0.0622,0.0531,47.83
60,5001,0.33333333333333337,80,0.0799,0.061,75.0
60,5002,1.0,86,-0.0861,0.062,62.79
60,5003,-0.33333333333333326,63,-0.1122,0.0796,90.48
60,5000,-1.0,54,0.0145,0.0106,100.0
61,5003,-0.33333333333333326,60,0.0098,0.0082,58.330000000000005
61,5002,-1.0,40,0.0025,0.0024,75.0
61,5000,0.33333333333333337,88,0.0665,0.0541,77.27000000000001
61,5001,1.0,95,0.0791,0.0605,43.16
62,5000,-1.0,44,-0.0163,0.0109,72.72999999999999
62,5001,-0.33333333333333326,64,-0.0047,0.004,89.05999999999999
62,5003,1.0,98,-0.0355,0.0254,37.76
62,5002,0.33333333333333337,105,0.0273,0.0193,46.67
63,5002,-0.33333333333333326,103,0.0752,0.0529,38.83
63,5000,1.0,105,-0.0382,0.0291,52.38
63,5003,-1.0,82,0.0823,0.061,65.85
63,5001,0.33333333333333337,84,0.0154,0.016,85.71
64,5000,-1.0,102,-0.0144,0.0122,75.49
64,5002,-0.33333333333333326,108,0.0194,0.0167,80.56
64,5003,0.33333333333333337,129,0.0346,0.0274,48.06
64,5001,1.0,142,-0.0174,0.0131,29.580000000000002
65,5001,-1.0,30,0.0528,0.0495,100.0
65,5002,-0.33333333333333326,71,0.0713,0.0558,76.06
65,5000,1.0,101,0.0351,0.0256,34.65
65,5003,0.33333333333333337,85,-0.0426,0.0349,82.35
66,5002,-0.33333333333333326,68,-0.013,0.0109,89.71000000000001
66,5000,-1.0,37,-0.0558,0.0461,100.0
66,5001,0.33333333333333337,79,-0.0185,0.0158,88.61
66,5003,1.0,96,0.0139,0.0113,35.42
67,5000,-1.0,33,0.0021,0.0024,100.0
67,5001,0.33333333333333337,61,0.0362,0.0406,93.44
67,5002,-0.33333333333333326,77,-0.0531,0.046,88.31
67,5003,1.0,91,-0.0465,0.0369,40.660000000000004
68,5002,0.33333333333333337,80,-0.0488,0.0421,82.5
68,5001,-1.0,75,-0.0535,0.0419,69.33
68,5003,-0.33333333333333326,79,0.066,0.049,64.56
68,5000,1.0,90,-0.058,0.0463,55.559999999999995
69,5003,-0.33333333333333326,94,0.0149,0.0133,89.36
69,5001,-1.0,95,-0.0447,0.0341,57.89
69,5000,0.33333333333333337,99,-0.0353,0.0336,68.69
69,5002,1.0,132,0.0372,0.0277,37.12
70,5002,-1.0,50,0.0206,0.0167,57.99999999999999
70,5003,0.33333333333333337,87,0.0788,0.0622,51.72
70,5000,-0.33333333333333326,54,-0.0555,0.06,88.89
70,5001,1.0,95,-0.0467,0.0349,49.47
71,5001,-1.0,40,-0.0499,0.0411,85.0
71,5002,-0.33333333333333326,66,-0.0537,0.042,63.63999999999999
71,5003,0.33333333333333337,87,-0.0149,0.0122,72.41
71,5000,1.0,108,-0.0542,0.0379,33.33
72,5003,-1.0,28,-0.0381,0.0355,78.57
72,5001,-0.33333333333333326,88,-0.0426,0.0324,69.32000000000001
72,5000,0.33333333333333337,94,0.0112,0.0104,64.89
72,5002,1.0,102,0.0553,0.0453,42.16
73,5003,-1.0,45,-0.0443,0.0348,86.67
73,5001,0.33333333333333337,65,0.0546,0.0479,69.23
73,5002,1.0,78,0.0005,0.0023,37.18
73,5000,-0.33333333333333326,52,0.0064,0.0056,100.0
74,5001,-1.0,52,-0.0101,0.0083,100.0
74,5000,0.33333333333333337,116,-0.0666,0.0502,52.59
74,5002,1.0,115,-0.0065,0.0064,34.78
74,5003,-0.33333333333333326,107,-0.0113,0.0085,51.4
75,5003,-0.33333333333333326,93,-0.0519,0.0386,60.22
75,5002,-1.0,53,-0.0482,0.0406,90.57
75,5001,1.0,102,0.1007,0.0745,35.29
75,5000,0.33333333333333337,80,0.0509,0.0463,73.75
76,5002,-0.33333333333333326,49,0.021,0.019,73.47
76,5000,-1.0,44,0.0431,0.0342,79.55
76,5003,0.33333333333333337,76,0.0687,0.0497,56.58
76,5001,1.0,90,0.0355,0.0234,36.67
77,5001,1.0,129,-0.0444,0.0322,27.91
77,5002,-0.33333333333333326,88,0.0127,0.012,84.09
77,5003,0.33333333333333337,121,-0.0458,0.0342,52.07000000000001
77,5000,-1.0,91,0.0864,0.0766,86.81
78,5002,-0.33333333333333326,82,0.0157,0.0129,68.28999999999999
78,5000,-1.0,59,0.0511,0.0486,69.49
78,5003,1.0,128,0.0843,0.0654,28.12
78,5001,0.33333333333333337,146,0.0275,0.0208,54.11
79,5003,-1.0,46,0.0264,0.0223,80.43
79,5001,-0.33333333333333326,73,0.0729,0.0627,83.56
79,5002,0.33333333333333337,87,-0.0507,0.0381,47.13
79,5000,1.0,99,-0.0461,0.0322,29.29
80,5002,-1.0,66,-0.0611,0.0478,57.58
80,5003,-0.33333333333333326,129,0.0279,0.0198,39.53
80,5000,0.33333333333333337,143,-0.0632,0.0486,73.42999999999999
80,5001,1.0,148,-0.0256,0.0207,33.78
81,5001,-1.0,51,-0.0163,0.0141,96.08
81,5003,0.33333333333333337,96,-0.0443,0.034,64.58
81,5000,-0.33333333333333326,60,-0.0157,0.0169,95.0
81,5002,1.0,104,0.0249,0.0192,35.58
82,5003,-1.0,93,0.0311,0.0278,90.32
82,5000,-0.33333333333333326,172,-0.0703,0.0502,36.05
82,5002,1.0,160,0.065,0.0493,41.25
82,5001,0.33333333333333337,152,-0.043,0.0338,51.32
83,5003,-1.0,49,0.0582,0.047,65.31
83,5001,0.33333333333333337,93,0.0612,0.0521,74.19
83,5000,-0.33333333333333326,116,0.0583,0.0392,65.52
83,5002,1.0,109,0.0735,0.0549,39.45
84,5003,-0.33333333333333326,44,-0.0115,0.011,72.72999999999999
84,5001,-1.0,42,0.0316,0.0261,78.57
84,5002,1.0,118,0.06,0.043,31.36
84,5000,0.33333333333333337,116,-0.0703,0.0512,43.1
85,5000,-1.0,52,-0.0253,0.0177,78.85
85,5002,0.33333333333333337,83,0.0923,0.0687,66.27
85,5001,-0.33333333333333326,69,0.0331,0.0293,62.32
85,5003,1.0,89,0.0222,0.0167,37.08
86,5000,-1.0,62,0.0671,0.0535,70.97
86,5002,-0.33333333333333326,136,0.0593,0.0422,40.44
86,5001,0.33333333333333337,112,0.0172,0.0143,72.32
86,5003,1.0,133,0.0196,0.0144,36.09
87,5002,-1.0,42,0.047,0.0371,85.71
87,5000,0.33333333333333337,87,-0.0509,0.046,80.46
87,5003,-0.33333333333333326,98,0.0484,0.0354,58.160000000000004
87,5001,1.0,121,0.0022,0.0017,27.27
88,5001,-1.0,80,-0.0573,0.0481,81.25
88,5002,0.33333333333333337,92,0.065,0.057,92.39
88,5000,1.0,112,-0.0812,0.0618,49.11
88,5003,-0.33333333333333326,102,0.0183,0.0153,34.31
89,5000,-1.0,63,-0.0342,0.0268,60.31999999999999
89,5002,-0.33333333333333326,58,0.0076,0.0081,100.0
89,5003,0.33333333333333337,103,-0.0795,0.0561,60.19
89,5001,1.0,112,0.0371,0.0251,25.0
90,5000,-1.0,84,-0.0239,0.0227,82.14
90,5002,-0.33333333333333326,134,0.061,0.0451,71.64
90,5003,0.33333333333333337,159,-0.0391,0.0284,34.589999999999996
90,5001,1.0,167,0.0138,0.0111,47.9
91,5003,-0.33333333333333326,53,-0.0629,0.0617,86.79
91,5001,-1.0,59,-0.012,0.0109,76.27000000000001
91,5000,1.0,118,-0.0393,0.0314,44.07
91,5002,0.33333333333333337,116,0.0258,0.0219,49.14
92,5003,-1.0,77,-0.0484,0.0411,64.94
92,5002,1.0,184,0.0052,0.0049,28.26
92,5001,-0.33333333333333326,142,0.0503,0.0388,72.54
92,5000,0.33333333333333337,170,0.0016,0.0031,43.53
93,5000,-1.0,62,-0.0107,0.0104,100.0
93,5002,-0.33333333333333326,108,-0.0438,0.0371,85.19
93,5003,1.0,148,0.0085,0.0075,30.409999999999997
93,5001,0.33333333333333337,134,-0.0412,0.0296,44.03
94,5001,-1.0,21,-0.0365,0.0422,100.0
94,5002,-0.33333333333333326,90,-0.0117,0.0093,61.11
94,5003,0.33333333333333337,85,0.0227,0.019,80.0
94,5000,1.0,108,0.0372,0.0264,37.96
95,5003,-0.33333333333333326,47,0.0115,0.0123,93.62
95,5000,0.33333333333333337,88,0.0012,0.0017,61.36000000000001
95,5001,-1.0,55,0.0397,0.0325,74.55000000000001
95,5002,1.0,107,0.015,0.0122,42.99
96,5001,-1.0,78,-0.0432,0.0422,96.15
96,5003,-0.33333333333333326,129,0.0241,0.0194,66.67
96,5002,1.0,185,0.0938,0.0643,30.81
96,5000,0.33333333333333337,194,0.0338,0.0224,26.290000000000003
97,5002,-0.33333333333333326,95,0.0464,0.0424,76.84
97,5000,-1.0,100,-0.0479,0.0402,55.00000000000001
97,5003,0.33333333333333337,134,0.0434,0.0333,50.74999999999999
97,5001,1.0,152,0.0573,0.0401,48.68
98,5001,-1.0,58,0.0373,0.0312,68.97
98,5003,0.33333333333333337,73,-0.0497,0.0395,73.97
98,5002,1.0,88,0.0706,0.0498,38.64
98,5000,-0.33333333333333326,81,-0.0916,0.0685,37.04
99,5003,-1.0,37,-0.0498,0.0486,100.0
99,5001,-0.33333333333333326,87,-0.0604,0.0521,44.83
99,5000,0.33333333333333337,133,-0.053,0.0407,54.14
99,5002,1.0,168,0.0116,0.0099,20.830000000000002
100,5003,-1.0,31,0.0648,0.0551,87.1
100,5000,-0.33333333333333326,77,-0.0713,0.0555,57.14
100,5001,0.33333333333333337,75,0.0221,0.0179,52.0
100,5002,1.0,88,-0.0612,0.043,30.680000000000003
101,5001,-1.0,37,-0.0203,0.0185,100.0
101,5002,-0.33333333333333326,66,-0.0668,0.0575,93.94
101,5003,0.33333333333333337,68,0.0454,0.0428,80.88
101,5000,1.0,99,-0.0195,0.0143,29.29
102,5002,-0.33333333333333326,70,0.0556,0.0402,57.14
102,5000,-1.0,66,0.0067,0.008,68.17999999999999
102,5003,1.0,94,-0.0098,0.0091,47.870000000000005
102,5001,0.33333333333333337,108,0.0524,0.0363,43.519999999999996
103,5002,-1.0,43,0.034,0.0266,83.72
103,5000,-0.33333333333333326,100,0.0698,0.0524,54.0
103,5003,0.33333333333333337,108,-0.0863,0.0671,44.440000000000005
103,5001,1.0,129,-0.0539,0.0369,27.13
104,5001,-1.0,35,0.0471,0.0385,100.0
104,5003,0.33333333333333337,76,0.0164,0.0141,63.160000000000004
104,5002,1.0,89,-0.0148,0.0111,30.34
104,5000,-0.33333333333333326,72,0.0507,0.0393,73.61
105,5002,0.33333333333333337,155,-0.0685,0.0598,78.71000000000001
105,5003,-1.0,110,-0.0058,0.0054,81.82000000000001
105,5001,-0.33333333333333326,169,0.0094,0.0106,65.68
105,5000,1.0,205,0.0593,0.0419,27.800000000000004
106,5000,0.33333333333333337,122,-0.0227,0.0211,75.41
106,5001,-1.0,102,-0.0642,0.0538,69.61
106,5003,-0.33333333333333326,121,0.0604,0.0492,75.21
106,5002,1.0,159,-0.0428,0.0318,32.7
107,5002,-1.0,44,0.0369,0.031,93.17999999999999
107,5003,0.33333333333333337,67,0.0591,0.0486,71.64
107,5000,-0.33333333333333326,65,-0.0018,0.0052,60.0
107,5001,1.0,86,-0.0206,0.0161,38.37
108,5000,-0.33333333333333326,124,0.0349,0.0277,70.97
108,5003,-1.0,120,0.0888,0.069,50.0
108,5001,1.0,183,-0.0432,0.0326,54.1
108,5002,0.33333333333333337,199,0.0186,0.0138,26.13
109,5003,-1.0,37,0.0673,0.0588,81.08
109,5002,0.33333333333333337,84,-0.093,0.0729,60.709999999999994
109,5001,-0.33333333333333326,68,-0.0001,0.0021,86.76
109,5000,1.0,104,0.0035,0.0048,36.54
110,5003,-1.0,82,-0.0038,0.0054,100.0
110,5002,0.33333333333333337,156,0.0287,0.027,83.97
110,5001,-0.33333333333333326,189,0.0824,0.0576,38.62
110,5000,1.0,180,-0.0581,0.0458,45.56
111,5000,-1.0,54,-0.0568,0.0473,100.0
111,5001,1.0,115,-0.0324,0.0238,50.43
111,5002,-0.33333333333333326,97,0.0296,0.0217,68.04
111,5003,0.33333333333333337,110,0.0409,0.0313,81.82000000000001
112,5002,0.33333333333333337,76,0.0638,0.0503,78.95
112,5003,-1.0,56,-0.0107,0.0114,82.14
112,5001,-0.33333333333333326,63,0.0726,0.0554,95.24000000000001
112,5000,1.0,91,0.023,0.0169,28.57
113,5002,-1.0,76,0.0274,0.0224,78.95
113,5000,1.0,109,-0.0123,0.0093,29.360000000000003
113,5001,-0.33333333333333326,78,-0.0121,0.0108,71.78999999999999
113,5003,0.33333333333333337,91,0.0186,0.0165,62.63999999999999
114,5000,-0.33333333333333326,62,0.0362,0.0321,95.16
114,5001,0.33333333333333337,97,0.0088,0.0084,52.580000000000005
114,5002,-1.0,67,0.024,0.0182,64.18
114,5003,1.0,101,-0.0302,0.0223,53.47
115,5000,-1.0,29,-0.0154,0.0131,100.0
115,5003,-0.33333333333333326,201,0.0541,0.0383,56.720000000000006
115,5001,1.0,221,0.0473,0.0331,27.150000000000002
115,5002,0.33333333333333337,191,-0.0154,0.0138,42.41
116,5002,-0.33333333333333326,64,0.0506,0.0465,92.19000000000001
116,5000,-1.0,47,0.0518,0.0391,78.72
116,5001,0.33333333333333337,98,-0.008,0.0065,76.53
116,5003,1.0,115,0.0687,0.0494,40.0
117,5003,-0.33333333333333326,103,0.0799,0.0673,85.44
117,5001,-1.0,53,0.0224,0.017,94.34
117,5002,0.33333333333333337,137,-0.002,0.005,53.28000000000001
117,5000,1.0,134,-0.0124,0.0115,24.63
118,5002,-1.0,90,0.0216,0.0203,84.44
118,5001,0.33333333333333337,146,0.0042,0.0036,43.15
118,5003,1.0,164,0.032,0.0226,32.32
118,5000,-0.33333333333333326,128,0.0804,0.0613,82.80999999999999
119,5002,-1.0,37,-0.0433,0.0319,83.78
119,5000,-0.33333333333333326,69,0.0137,0.0122,69.57
119,5003,0.33333333333333337,114,-0.0548,0.0377,40.35
119,5001,1.0,103,0.017,0.0166,46.6
120,5003,-0.33333333333333326,106,0.0782,0.0579,61.31999999999999
120,5000,-1.0,71,0.0593,0.0427,71.83
120,5002,1.0,137,-0.0583,0.041,26.279999999999998
120,5001,0.33333333333333337,116,-0.0641,0.0502,43.97
121,5003,-1.0,45,0.0534,0.0598,93.33
121,5001,-0.33333333333333326,83,0.0349,0.0329,89.16
121,5000,0.33333333333333337,111,-0.0373,0.0291,52.25
121,5002,1.0,124,0.0001,0.0043,35.480000000000004
122,5002,-1.0,57,0.0702,0.0537,100.0
122,5003,0.33333333333333337,110,-0.0338,0.0283,67.27
122,5001,-0.33333333333333326,133,-0.0717,0.0511,27.07
122,5000,1.0,153,-0.0141,0.01,18.95
123,5003,-1.0,58,0.035,0.0282,75.86
123,5000,1.0,181,-0.0639,0.0464,20.990000000000002
123,5002,0.33333333333333337,168,0.009,0.0151,61.309999999999995
123,5001,-0.33333333333333326,158,0.0337,0.0247,49.370000000000005
124,5001,0.33333333333333337,125,-0.0626,0.0486,64.0
124,5002,-1.0,79,0.0354,0.0285,91.14
124,5000,-0.33333333333333326,110,0.0502,0.0434,69.08999999999999
124,5003,1.0,145,0.0009,0.0024,27.589999999999996
125,5001,-1.0,78,-0.0512,0.0384,56.410000000000004
125,5003,-0.33333333333333326,70,0.0076,0.0068,91.43
125,5000,0.33333333333333337,110,0.0773,0.0599,73.64
125,5002,1.0,127,0.0113,0.0087,17.32
126,5002,-0.33333333333333326,66,-0.0447,0.0461,100.0
126,5000,-1.0,51,-0.0657,0.0506,70.59
126,5001,0.33333333333333337,113,0.0311,0.0244,66.36999999999999
126,5003,1.0,133,0.0694,0.0476,26.32
127,5002,-0.33333333333333326,83,-0.0615,0.0527,91.57
127,5000,-1.0,65,-0.0432,0.0376,73.85000000000001
127,5003,1.0,114,-0.0456,0.0346,21.05
127,5001,0.33333333333333337,105,-0.0844,0.0662,57.14
128,5002,-1.0,55,0.0103,0.0115,81.82000000000001
128,5000,0.33333333333333337,123,0.0177,0.0145,96.75
128,5001,-0.33333333333333326,133,-0.059,0.0446,42.86
128,5003,1.0,151,-0.0531,0.0368,27.810000000000002
129,5002,-1.0,67,0.0059,0.0058,46.27
129,5001,0.33333333333333337,142,0.0819,0.0596,53.52
129,5003,-0.33333333333333326,122,-0.014,0.0111,40.98
129,5000,1.0,155,0.0798,0.0552,27.1
130,5001,-1.0,27,0.0375,0.0362,88.89
130,5003,-0.33333333333333326,73,-0.0072,0.0059,50.68
130,5002,0.33333333333333337,84,-0.0231,0.0171,40.48
130,5000,1.0,88,0.0403,0.029,40.910000000000004
131,5003,-1.0,44,-0.0613,0.0641,86.36
131,5000,-0.33333333333333326,145,-0.0176,0.0136,26.900000000000002
131,5001,0.33333333333333337,104,-0.0046,0.0043,68.27
131,5002,1.0,146,-0.0819,0.0547,23.29
132,5003,0.33333333333333337,96,0.024,0.0191,87.5
132,5002,1.0,100,-0.0471,0.0375,48.0
132,5000,-1.0,96,-0.0856,0.0577,35.42
132,5001,-0.33333333333333326,89,-0.0546,0.0432,64.03999999999999
133,5002,-1.0,36,-0.0019,0.0052,91.67
133,5001,-0.33333333333333326,123,-0.0317,0.0224,60.160000000000004
133,5000,0.33333333333333337,121,0.0447,0.0336,52.89
133,5003,1.0,140,0.0186,0.014,28.57
134,5003,-1.0,49,0.0002,0.0003,53.059999999999995
134,5002,1.0,114,-0.0258,0.0183,32.46
134,5001,-0.33333333333333326,98,0.0404,0.0322,71.43
134,5000,0.33333333333333337,95,0.0256,0.0208,60.0
135,5002,1.0,110,0.0686,0.054,38.18
135,5003,-1.0,70,0.0384,0.0336,80.0
135,5001,-0.33333333333333326,91,0.0606,0.048,82.42
135,5000,0.33333333333333337,120,-0.0386,0.0287,44.17
136,5001,-0.33333333333333326,55,0.0609,0.0518,81.82000000000001
136,5002,1.0,141,0.0395,0.0291,19.86
136,5003,-1.0,64,-0.0247,0.0204,84.38
136,5000,0.33333333333333337,134,0.0212,0.0161,52.99
137,5002,-1.0,80,-0.0098,0.009,96.25
137,5001,0.33333333333333337,110,-0.0192,0.0157,60.91
137,5000,-0.33333333333333326,93,-0.0211,0.0188,78.49000000000001
137,5003,1.0,144,0.0646,0.0424,29.17
138,5002,0.33333333333333337,106,-0.0092,0.0102,47.17
138,5000,-1.0,59,-0.0059,0.0062,84.75
138,5001,-0.33333333333333326,104,0.0578,0.0421,57.69
138,5003,1.0,119,0.0412,0.0288,36.97
139,5003,-1.0,35,-0.0008,0.0049,82.86
139,5001,-0.33333333333333326,93,0.0165,0.0144,74.19
139,5002,0.33333333333333337,163,0.0188,0.0131,23.93
139,5000,1.0,164,-0.0366,0.0249,25.0
140,5001,-1.0,35,-0.0307,0.0355,91.43
140,5002,0.33333333333333337,99,0.0637,0.044,36.36
140,5003,-0.33333333333333326,61,-0.0515,0.0403,70.49
140,5000,1.0,102,-0.0078,0.007,38.24
141,5002,-1.0,39,-0.0204,0.0201,92.31
141,5000,-0.33333333333333326,46,-0.013,0.0136,93.47999999999999
141,5003,1.0,90,-0.0443,0.0314,40.0
141,5001,0.33333333333333337,92,-0.029,0.0203,42.39
142,5001,-1.0,28,-0.0369,0.032,82.14
142,5002,0.33333333333333337,95,0.0178,0.0144,48.42
142,5003,-0.33333333333333326,62,0.0576,0.0458,66.13
142,5000,1.0,98,0.0671,0.0481,30.61
143,5003,-0.33333333333333326,127,0.0041,0.0043,73.22999999999999
143,5001,-1.0,95,-0.0278,0.0217,69.47
143,5000,0.33333333333333337,120,-0.0553,0.0471,80.0
143,5002,1.0,162,0.0383,0.0268,30.25
144,5002,-0.33333333333333326,100,0.0578,0.0471,67.0
144,5000,-1.0,105,-0.0337,0.0249,77.14
144,5001,0.33333333333333337,114,0.0194,0.0165,57.89
144,5003,1.0,148,-0.017,0.0126,21.62
145,5001,-0.33333333333333326,71,-0.073,0.0644,91.55
145,5000,-1.0,82,-0.1012,0.0731,51.22
145,5003,1.0,92,-0.0081,0.008,31.52
145,5002,0.33333333333333337,71,-0.054,0.0464,77.46
146,5002,-1.0,43,0.0041,0.0053,86.05000000000001
146,5000,-0.33333333333333326,58,-0.0286,0.0241,74.14
146,5001,1.0,99,0.0357,0.027,31.31
146,5003,0.33333333333333337,103,-0.012,0.0114,59.21999999999999
147,5002,-1.0,137,0.0598,0.0515,71.53
147,5001,0.33333333333333337,153,-0.0443,0.0409,93.46
147,5003,1.0,228,0.0602,0.0407,33.77
147,5000,-0.33333333333333326,181,0.0601,0.0474,49.72
148,5003,-1.0,37,-0.0772,0.0752,83.78
148,5001,-0.33333333333333326,64,0.0596,0.0448,53.12
148,5002,0.33333333333333337,140,0.0015,0.004,62.13999999999999
148,5000,1.0,143,-0.1025,0.0734,28.67
149,5003,-1.0,88,0.026,0.0202,63.63999999999999
149,5001,-0.33333333333333326,103,-0.0504,0.0426,70.87
149,5000,0.33333333333333337,148,-0.024,0.0169,39.190000000000005
149,5002,1.0,142,0.0242,0.0177,25.35
150,5000,-0.33333333333333326,42,0.0411,0.0394,85.71
150,5002,-1.0,38,0.0196,0.0152,84.21
150,5001,1.0,69,0.036,0.0293,30.43
150,5003,0.33333333333333337,62,-0.0001,0.0062,61.29
151,5001,-0.33333333333333326,108,0.0141,0.0129,87.03999999999999
151,5002,0.33333333333333337,140,-0.0425,0.0342,58.57
151,5000,-1.0,89,-0.0073,0.0063,68.54
151,5003,1.0,169,-0.0183,0.0129,41.42
152,5002,-1.0,72,0.084,0.069,40.28
152,5000,-0.33333333333333326,97,0.0291,0.0237,75.26
152,5003,0.33333333333333337,127,-0.0458,0.0355,32.28
152,5001,1.0,139,0.0098,0.0091,38.85
153,5003,-1.0,72,0.0413,0.0391,69.44
153,5001,-0.33333333333333326,122,-0.0681,0.0539,58.199999999999996
153,5002,0.33333333333333337,230,-0.0038,0.004,28.26
153,5000,1.0,220,-0.0194,0.014,27.73
154,5001,-1.0,76,0.0583,0.0583,96.05
154,5003,-0.33333333333333326,85,-0.0442,0.0407,96.47
154,5002,1.0,148,-0.0675,0.0472,35.14
154,5000,0.33333333333333337,118,-0.0661,0.0547,64.41
155,5001,-1.0,66,0.087,0.0724,50.0
155,5003,-0.33333333333333326,111,0.0333,0.0341,82.88
155,5002,1.0,179,-0.0166,0.0117,24.02
155,5000,0.33333333333333337,181,0.0531,0.0362,35.91
156,5000,1.0,101,0.0539,0.0392,35.64
156,5003,-1.0,48,0.0211,0.0197,75.0
156,5002,-0.33333333333333326,74,-0.0744,0.0614,78.38000000000001
156,5001,0.33333333333333337,85,-0.0157,0.0132,56.47
157,5002,-0.33333333333333326,99,0.0426,0.035,80.81
157,5001,0.33333333333333337,107,0.0396,0.0324,59.809999999999995
157,5003,1.0,122,-0.078,0.0537,47.54
157,5000,-1.0,87,0.0486,0.0353,68.97
158,5000,-1.0,38,-0.0311,0.0256,100.0
158,5002,0.33333333333333337,80,-0.0731,0.0556,53.75
158,5001,-0.33333333333333326,64,-0.0432,0.0346,68.75
158,5003,1.0,90,0.0926,0.0639,36.67
159,5002,-1.0,47,-0.0044,0.0059,93.62
159,5000,0.33333333333333337,79,-0.0797,0.0676,87.33999999999999
159,5003,-0.33333333333333326,79,0.0636,0.0485,63.29
159,5001,1.0,96,0.0139,0.01,23.96
160,5000,-1.0,87,0.0634,0.0521,87.36
160,5002,-0.33333333333333326,133,0.0575,0.0498,76.69
160,5001,1.0,188,0.0153,0.0114,14.360000000000001
160,5003,0.33333333333333337,161,-0.0236,0.0179,49.07
161,5000,-1.0,44,0.016,0.0137,77.27000000000001
161,5002,0.33333333333333337,119,-0.0645,0.0468,72.27
161,5001,1.0,121,0.0245,0.0203,22.31
161,5003,-0.33333333333333326,94,-0.0581,0.0489,74.47
162,5000,0.33333333333333337,154,0.1104,0.0789,37.01
162,5002,1.0,146,-0.0524,0.0391,36.3
162,5003,-1.0,110,0.0056,0.0073,70.91
162,5001,-0.33333333333333326,112,0.0611,0.0519,83.93
163,5002,-1.0,54,-0.0642,0.0597,87.03999999999999
163,5001,0.33333333333333337,79,-0.045,0.0372,79.75
163,5000,1.0,96,0.0311,0.0227,25.0
163,5003,-0.33333333333333326,75,0.0696,0.0571,84.0
164,5000,-1.0,79,0.057,0.0423,59.489999999999995
164,5001,0.33333333333333337,106,-0.0747,0.0618,55.66
164,5002,-0.33333333333333326,86,0.0894,0.0688,60.47
164,5003,1.0,135,-0.0715,0.0493,15.559999999999999
165,5000,-1.0,46,-0.0221,0.0209,93.47999999999999
165,5002,-0.33333333333333326,88,-0.0923,0.075,50.0
165,5003,0.33333333333333337,101,-0.0464,0.0362,69.31
165,5001,1.0,117,0.0578,0.041,24.79
166,5003,-0.33333333333333326,52,-0.0348,0.0335,78.85
166,5002,0.33333333333333337,79,0.0451,0.0373,83.54
166,5000,-1.0,47,-0.0735,0.0553,48.94
166,5001,1.0,83,0.0031,0.0035,39.76
167,5001,-0.33333333333333326,75,0.0585,0.0534,69.33
167,5003,-1.0,54,-0.0297,0.0228,61.11
167,5002,1.0,113,-0.0678,0.0495,28.32
167,5000,0.33333333333333337,108,0.0403,0.0304,61.11
168,5003,-1.0,61,-0.0144,0.0134,80.33
168,5001,-0.33333333333333326,75,0.0516,0.047,86.67
168,5002,0.33333333333333337,116,0.0219,0.0158,23.28
168,5000,1.0,111,-0.0171,0.0135,35.14
169,5003,-1.0,40,0.0383,0.0313,100.0
169,5001,-0.33333333333333326,46,-0.0235,0.0282,100.0
169,5000,0.33333333333333337,147,-0.0003,0.0043,61.9
169,5002,1.0,159,0.0669,0.0449,25.790000000000003
170,5002,-1.0,54,-0.0047,0.0051,62.96000000000001
170,5000,-0.33333333333333326,69,0.0359,0.0298,85.50999999999999
170,5003,0.33333333333333337,68,-0.0252,0.0224,55.879999999999995
170,5001,1.0,88,-0.0007,0.0044,35.23
171,5003,-1.0,73,0.0243,0.0188,71.23
171,5002,1.0,110,0.0901,0.0604,12.73
171,5000,0.33333333333333337,79,0.0556,0.0484,70.89
171,5001,-0.33333333333333326,89,-0.0582,0.0449,70.78999999999999
172,5003,-1.0,39,0.003,0.0033,84.61999999999999
172,5001,-0.33333333333333326,86,0.0331,0.0268,45.35
172,5002,1.0,88,0.0354,0.0283,32.95
172,5000,0.33333333333333337,89,0.0234,0.0189,50.56
173,5002,-1.0,59,0.0343,0.0307,84.75
173,5001,0.33333333333333337,120,0.0792,0.0582,50.83
173,5000,-0.33333333333333326,87,0.0479,0.0385,64.37
173,5003,1.0,120,0.0229,0.0168,46.67
174,5002,-1.0,75,0.0339,0.0293,92.0
174,5003,-0.33333333333333326,117,-0.0033,0.0066,62.39
174,5000,0.33333333333333337,120,0.0652,0.0536,79.17
174,5001,1.0,141,0.0201,0.0229,15.6
175,5002,-1.0,69,0.0528,0.0412,60.870000000000005
175,5001,0.33333333333333337,90,-0.0012,0.0023,65.56
175,5000,-0.33333333333333326,68,-0.0981,0.0823,70.59
175,5003,1.0,103,0.0591,0.0424,28.16
176,5003,-1.0,54,-0.0597,0.0463,77.78
176,5002,0.33333333333333337,111,-0.0724,0.0503,54.05
176,5000,1.0,119,0.0644,0.0435,45.379999999999995
176,5001,-0.33333333333333326,81,0.016,0.0124,77.78
177,5003,-0.33333333333333326,91,0.0178,0.0148,62.63999999999999
177,5001,-1.0,69,0.0404,0.0337,73.91
177,5002,0.33333333333333337,111,-0.0279,0.0236,59.46
177,5000,1.0,125,0.0614,0.0463,25.6
178,5000,-1.0,39,-0.0588,0.0517,84.61999999999999
178,5001,0.33333333333333337,81,0.0082,0.0075,74.07000000000001
178,5002,-0.33333333333333326,60,-0.0476,0.0404,60.0
178,5003,1.0,102,0.0654,0.0467,23.53
179,5001,-1.0,55,-0.0835,0.0711,81.82000000000001
179,5002,0.33333333333333337,96,-0.0129,0.0114,62.5
179,5000,1.0,116,-0.0192,0.0139,36.21
179,5003,-0.33333333333333326,78,0.0103,0.0086,66.67
180,5000,-1.0,38,0.0263,0.0214,89.47
180,5002,-0.33333333333333326,47,-0.0674,0.0633,76.6
180,5003,0.33333333333333337,86,0.0448,0.0399,67.44
180,5001,1.0,114,-0.0596,0.0435,29.82
181,5001,-1.0,33,-0.0159,0.0149,100.0
181,5003,0.33333333333333337,68,-0.0197,0.0167,60.29
181,5000,-0.33333333333333326,53,-0.0624,0.0525,94.34
181,5002,1.0,68,-0.0001,0.0062,51.470000000000006
182,5003,-1.0,48,-0.0671,0.0592,100.0
182,5001,-0.33333333333333326,66,0.0724,0.0682,95.45
182,5002,0.33333333333333337,135,-0.0345,0.0303,55.559999999999995
182,5000,1.0,138,0.0242,0.0174,33.33
183,5002,-1.0,54,0.0238,0.021,100.0
183,5000,-0.33333333333333326,91,-0.0128,0.0099,69.23
183,5003,0.33333333333333337,137,0.0441,0.0334,54.010000000000005
183,5001,1.0,181,-0.0311,0.0226,29.28
184,5002,1.0,109,0.0205,0.0162,33.03
184,5000,-0.33333333333333326,86,0.0568,0.0505,61.629999999999995
184,5001,-1.0,84,0.0135,0.0122,100.0
184,5003,0.33333333333333337,88,-0.0806,0.0703,85.22999999999999
185,5002,-1.0,51,-0.0726,0.0633,62.74999999999999
185,5000,-0.33333333333333326,79,-0.0232,0.0214,77.22
185,5003,0.33333333333333337,124,-0.0067,0.0051,67.74
185,5001,1.0,122,-0.0281,0.0214,21.310000000000002
186,5002,-0.33333333333333326,52,-0.038,0.0395,69.23
186,5003,0.33333333333333337,95,-0.062,0.0455,54.74
186,5000,-1.0,71,0.0218,0.0163,49.3
186,5001,1.0,103,-0.0461,0.0324,37.86
187,5000,-0.33333333333333326,58,-0.0685,0.064,86.21
187,5002,-1.0,67,0.0118,0.0117,71.64
187,5001,0.33333333333333337,108,0.0162,0.0123,62.03999999999999
187,5003,1.0,117,-0.0186,0.0145,29.909999999999997
188,5001,-1.0,54,0.0318,0.0295,77.78
188,5003,0.33333333333333337,74,-0.0513,0.0474,59.46
188,5000,-0.33333333333333326,87,-0.0565,0.0431,50.57000000000001
188,5002,1.0,107,0.0185,0.013,24.3
189,5003,-1.0,59,0.0318,0.0323,79.66
189,5000,-0.33333333333333326,125,-0.0642,0.0525,53.6
189,5001,0.33333333333333337,152,0.0248,0.0203,60.529999999999994
189,5002,1.0,165,0.002,0.0091,27.27
190,5002,0.33333333333333337,80,0.0369,0.0313,78.75
190,5000,-1.0,52,0.0265,0.0224,100.0
190,5003,1.0,90,0.0261,0.0209,46.67
190,5001,-0.33333333333333326,111,0.0469,0.0301,42.34
191,5002,-1.0,34,0.0751,0.0709,100.0
191,5003,1.0,85,-0.0791,0.0601,41.18
191,5000,0.33333333333333337,67,-0.0122,0.0124,73.13
191,5001,-0.33333333333333326,80,-0.0207,0.0167,51.24999999999999
192,5002,-0.33333333333333326,77,0.0624,0.0649,92.21000000000001
192,5003,0.33333333333333337,128,-0.0218,0.0163,57.809999999999995
192,5000,-1.0,99,0.0766,0.057,54.55
192,5001,1.0,153,-0.0172,0.0115,27.450000000000003
193,5003,-1.0,35,0.0112,0.0116,100.0
193,5002,0.33333333333333337,105,-0.0042,0.0066,83.81
193,5001,-0.33333333333333326,122,-0.0162,0.0116,68.85
193,5000,1.0,113,0.0331,0.0261,56.64
194,5001,0.33333333333333337,55,0.0284,0.0253,65.45
194,5000,-1.0,56,0.001,0.0011,37.5
194,5002,-0.33333333333333326,62,-0.0093,0.0088,70.97
194,5003,1.0,77,-0.0115,0.0078,27.27
195,5001,0.33333333333333337,103,-0.0571,0.0419,66.02
195,5002,-0.33333333333333326,51,-0.0744,0.0675,88.24
195,5003,1.0,114,0.05,0.0344,16.669999999999998
195,5000,-1.0,52,-0.0444,0.0338,82.69
196,5000,-1.0,36,-0.0381,0.0324,100.0
196,5003,1.0,75,-0.0029,0.0022,65.33
196,5002,-0.33333333333333326,53,-0.0271,0.0207,54.72
196,5001,0.33333333333333337,75,-0.0678,0.0511,60.0
197,5002,-1.0,94,0.0702,0.0541,79.79
197,5001,0.33333333333333337,97,0.0426,0.038,65.98
197,5000,-0.33333333333333326,97,-0.0593,0.0486,69.07
197,5003,1.0,106,-0.0882,0.0731,44.34
198,5001,-1.0,50,0.0301,0.0289,94.0
198,5003,-0.33333333333333326,84,-0.043,0.0364,64.29
198,5000,0.33333333333333337,122,0.0335,0.0278,42.620000000000005
198,5002,1.0,148,-0.0571,0.0391,18.240000000000002
199,5002,-1.0,101,-0.0436,0.0346,38.61
199,5000,-0.33333333333333326,101,0.0597,0.0505,87.13
199,5001,0.33333333333333337,167,0.0587,0.0451,49.7
199,5003,1.0,165,-0.0605,0.047,42.42
200,5002,-1.0,41,-0.0222,0.02,85.37
200,5000,-0.33333333333333326,85,0.0012,0.0036,54.120000000000005
200,5001,0.33333333333333337,90,-0.0395,0.0306,53.33
200,5003,1.0,93,-0.0601,0.045,26.88
201,5001,-1.0,64,-0.0403,0.0312,75.0
201,5000,1.0,116,-0.0442,0.0326,43.97
201,5003,-0.33333333333333326,83,0.0176,0.015,55.42
201,5002,0.33333333333333337,110,-0.0705,0.0523,42.730000000000004
202,5001,-1.0,47,0.0273,0.0201,63.83
202,5000,-0.33333333333333326,50,-0.0337,0.0299,94.0
202,5003,0.33333333333333337,68,-0.0586,0.0463,66.18
202,5002,1.0,78,-0.0547,0.0409,29.49
203,5002,-0.33333333333333326,105,-0.0677,0.0484,61.9
203,5000,-1.0,65,0.0886,0.0612,67.69
203,5001,0.33333333333333337,128,-0.0259,0.0211,53.910000000000004
203,5003,1.0,121,0.0168,0.0122,32.23
204,5000,-1.0,54,-0.0023,0.002,72.22
204,5003,0.33333333333333337,97,0.0104,0.0088,64.95
204,5001,1.0,112,0.1127,0.0826,31.25
204,5002,-0.33333333333333326,92,-0.0865,0.0666,57.60999999999999
205,5001,-1.0,47,0.0223,0.0192,76.6
205,5002,-0.33333333333333326,65,0.1031,0.0869,90.77
205,5000,0.33333333333333337,141,-0.1069,0.0733,39.72
205,5003,1.0,144,0.07,0.0476,31.25
206,5002,0.33333333333333337,133,-0.0374,0.0296,55.64
206,5003,-1.0,101,-0.0505,0.0418,64.36
206,5001,-0.33333333333333326,117,-0.0449,0.0368,77.78
206,5000,1.0,146,-0.0084,0.0063,39.73
207,5003,-1.0,79,0.0046,0.0046,82.28
207,5001,-0.33333333333333326,90,-0.0293,0.0293,96.67
207,5002,0.33333333333333337,124,0.0008,0.0031,50.0
207,5000,1.0,126,-0.0422,0.0348,38.89
208,5003,-1.0,45,-0.0074,0.0083,88.89
208,5002,0.33333333333333337,78,-0.0117,0.0114,67.95
208,5001,-0.33333333333333326,89,0.0828,0.0603,43.82
208,5000,1.0,105,0.0455,0.035,51.43
209,5001,-1.0,53,-0.0103,0.0093,66.03999999999999
209,5000,1.0,109,-0.003,0.0043,41.28
209,5002,0.33333333333333337,98,-0.0459,0.0346,61.22
209,5003,-0.33333333333333326,95,-0.0372,0.0281,90.53
210,5002,-0.33333333333333326,92,-0.0406,0.0326,48.91
210,5003,0.33333333333333337,91,0.0116,0.0096,54.949999999999996
210,5000,1.0,108,0.0673,0.0486,42.59
210,5001,-1.0,88,0.0121,0.0095,72.72999999999999
211,5001,0.33333333333333337,82,0.0527,0.0414,67.07
211,5000,-1.0,59,-0.0222,0.0168,62.71
211,5002,-0.33333333333333326,59,-0.0613,0.0509,100.0
211,5003,1.0,103,0.0226,0.0149,31.069999999999997
212,5000,-1.0,75,0.017,0.014,88.0
212,5002,-0.33333333333333326,91,0.0611,0.0485,62.63999999999999
212,5001,1.0,106,0.0257,0.0188,40.57
212,5003,0.33333333333333337,95,0.0648,0.0507,50.529999999999994
213,5002,-0.33333333333333326,77,0.0651,0.0507,61.040000000000006
213,5000,-1.0,32,-0.0466,0.0361,59.38
213,5001,0.33333333333333337,86,-0.1017,0.0824,56.98
213,5003,1.0,105,0.0346,0.024,47.620000000000005
214,5002,-1.0,144,-0.0499,0.0396,82.64
214,5003,0.33333333333333337,170,-0.0117,0.0097,79.41
214,5000,-0.33333333333333326,137,-0.0591,0.0573,86.13
214,5001,1.0,215,0.0134,0.0095,29.770000000000003
215,5000,-1.0,134,0.024,0.0196,71.64
215,5002,-0.33333333333333326,146,-0.0348,0.0289,62.33
215,5001,0.33333333333333337,164,-0.0216,0.0168,48.17
215,5003,1.0,175,-0.0269,0.0198,36.57
216,5003,-1.0,85,-0.0741,0.0595,72.94
216,5001,-0.33333333333333326,64,0.0019,0.0035,87.5
216,5002,1.0,138,0.0248,0.0164,14.49
216,5000,0.33333333333333337,122,0.0074,0.0075,63.11
217,5000,-0.33333333333333326,73,0.0108,0.0093,75.33999999999999
217,5002,-1.0,79,0.0531,0.0429,77.22
217,5001,1.0,114,-0.0219,0.0172,35.089999999999996
217,5003,0.33333333333333337,118,-0.0805,0.06,44.07
218,5002,-1.0,35,0.0447,0.0411,88.57000000000001
218,5000,0.33333333333333337,69,0.0337,0.0276,65.22
218,5003,-0.33333333333333326,62,0.0137,0.0119,72.58
218,5001,1.0,73,-0.0001,0.0052,34.25
219,5001,0.33333333333333337,129,0.0288,0.0219,78.29
219,5002,-0.33333333333333326,118,0.0717,0.0588,63.56
219,5000,-1.0,89,-0.007,0.0065,89.89
219,5003,1.0,134,0.053,0.0394,20.150000000000002
220,5001,-1.0,67,-0.0211,0.0184,79.10000000000001
220,5002,0.33333333333333337,111,0.0398,0.0299,46.85
220,5003,-0.33333333333333326,97,0.0116,0.0134,77.32
220,5000,1.0,124,0.0738,0.0519,41.94
221,5002,-0.33333333333333326,72,-0.0615,0.0617,88.89
221,5000,-1.0,67,-0.0583,0.0592,100.0
221,5003,0.33333333333333337,124,0.0609,0.0468,47.58
221,5001,1.0,143,0.0131,0.0096,16.78
222,5003,-1.0,80,-0.0337,0.0269,61.25000000000001
222,5001,0.33333333333333337,124,0.0054,0.0052,65.32
222,5002,1.0,145,-0.0507,0.0357,20.69
222,5000,-0.33333333333333326,113,-0.0557,0.0429,51.33
223,5002,-1.0,63,-0.0279,0.0219,74.6
223,5001,0.33333333333333337,98,-0.0536,0.0455,54.08
223,5000,-0.33333333333333326,58,0.0318,0.0366,86.21
223,5003,1.0,132,0.0671,0.0453,25.759999999999998
224,5003,-1.0,27,-0.0122,0.0107,100.0
224,5000,-0.33333333333333326,85,0.0334,0.0246,47.06
224,5001,0.33333333333333337,68,-0.0783,0.0697,75.0
224,5002,1.0,96,0.036,0.0243,33.33
225,5003,-0.33333333333333326,70,0.0268,0.0242,70.0
225,5001,-1.0,77,-0.0759,0.0558,57.14
225,5002,0.33333333333333337,129,-0.0246,0.0183,39.53
225,5000,1.0,134,-0.0503,0.0352,21.64
226,5000,-0.33333333333333326,87,-0.0014,0.0036,82.76
226,5001,-1.0,73,0.0214,0.019,73.97
226,5002,0.33333333333333337,161,-0.0326,0.0225,48.449999999999996
226,5003,1.0,154,-0.0753,0.0542,24.68
227,5001,-1.0,81,0.062,0.0514,72.84
227,5003,0.33333333333333337,94,0.0532,0.0499,93.62
227,5002,1.0,125,-0.005,0.0063,24.0
227,5000,-0.33333333333333326,97,-0.0416,0.0372,76.29
228,5001,-1.0,72,-0.0149,0.013,63.89
228,5003,-0.33333333333333326,75,0.0321,0.0265,68.0
228,5002,1.0,175,0.0109,0.0077,28.000000000000004
228,5000,0.33333333333333337,155,0.0054,0.0039,46.45
229,5000,-1.0,52,0.0422,0.0347,80.77
229,5002,-0.33333333333333326,65,0.0661,0.0557,80.0
229,5001,0.33333333333333337,131,0.0141,0.0105,48.85
229,5003,1.0,132,0.0182,0.0136,22.73
230,5002,-1.0,58,-0.0282,0.0238,79.31
230,5001,-0.33333333333333326,62,-0.0644,0.0593,72.58
230,5000,0.33333333333333337,154,0.0362,0.0255,33.77
230,5003,1.0,149,0.0056,0.0085,22.15
231,5003,-0.33333333333333326,60,0.0209,0.0187,75.0
231,5002,0.33333333333333337,74,-0.0436,0.0351,66.22
231,5000,-1.0,49,-0.0052,0.0044,61.22
231,5001,1.0,90,-0.0815,0.0577,24.44
232,5000,-1.0,70,0.0318,0.0244,47.14
232,5002,0.33333333333333337,111,-0.0527,0.0384,43.24
232,5001,1.0,110,-0.009,0.0096,42.730000000000004
232,5003,-0.33333333333333326,97,0.0335,0.0264,73.2
233,5001,-0.33333333333333326,132,-0.0535,0.0425,58.330000000000005
233,5002,0.33333333333333337,200,-0.0709,0.0487,24.0
233,5003,-1.0,135,0.0335,0.0272,58.52
233,5000,1.0,195,-0.0876,0.0612,50.260000000000005
234,5003,-1.0,63,0.053,0.0431,66.67
234,5001,-0.33333333333333326,96,-0.0203,0.0222,84.38
234,5000,0.33333333333333337,161,-0.0446,0.0337,36.65
234,5002,1.0,182,0.0336,0.0246,31.319999999999997
235,5000,-1.0,47,-0.0518,0.0373,68.08999999999999
235,5002,0.33333333333333337,58,0.0651,0.0548,65.52
235,5001,-0.33333333333333326,61,0.0353,0.0298,70.49
235,5003,1.0,70,-0.0205,0.0154,50.0
236,5000,-1.0,41,0.0003,0.0057,63.41
236,5001,0.33333333333333337,82,0.0107,0.0103,63.41
236,5002,-0.33333333333333326,69,0.025,0.0204,72.46000000000001
236,5003,1.0,101,0.0673,0.0534,28.71
237,5002,-1.0,47,-0.0433,0.0444,87.22999999999999
237,5001,-0.33333333333333326,141,-0.0683,0.0461,37.59
237,5000,0.33333333333333337,118,-0.0496,0.0411,63.56
237,5003,1.0,140,0.0134,0.0098,23.57
238,5003,-1.0,71,-0.0809,0.0696,94.37
238,5001,-0.33333333333333326,70,-0.0189,0.0198,88.57000000000001
238,5002,1.0,226,-0.0448,0.0307,26.11
238,5000,0.33333333333333337,235,0.003,0.0099,34.04
239,5001,-0.33333333333333326,88,-0.0176,0.018,100.0
239,5003,-1.0,102,-0.0326,0.0258,69.61
239,5002,0.33333333333333337,193,0.0321,0.0229,48.19
239,5000,1.0,184,0.0123,0.0129,27.169999999999998
240,5003,0.33333333333333337,89,-0.0069,0.0093,47.19
240,5000,-0.33333333333333326,92,-0.0519,0.0408,51.09
240,5001,1.0,113,-0.0404,0.029,30.97
240,5002,-1.0,49,0.0298,0.0248,79.59
241,5002,-1.0,29,0.0587,0.0529,100.0
241,5000,-0.33333333333333326,68,-0.0927,0.0689,70.59
241,5001,1.0,125,-0.0172,0.0203,36.8
241,5003,0.33333333333333337,142,-0.0388,0.0264,36.620000000000005
242,5000,-1.0,76,-0.0538,0.0424,92.11
242,5001,0.33333333333333337,103,-0.0384,0.0285,60.19
242,5002,-0.33333333333333326,92,-0.0549,0.042,70.65
242,5003,1.0,95,-0.0229,0.0179,36.84
243,5002,-0.33333333333333326,56,0.0242,0.019,53.56999999999999
243,5000,-1.0,36,-0.0481,0.0432,75.0
243,5003,0.33333333333333337,92,-0.0695,0.0485,61.96
243,5001,1.0,92,-0.0239,0.0173,23.91
244,5000,-1.0,44,-0.0494,0.0432,86.36
244,5002,-0.33333333333333326,55,-0.0393,0.0386,89.09
244,5003,0.33333333333333337,79,0.0567,0.0399,59.489999999999995
244,5001,1.0,85,0.0128,0.0101,31.759999999999998
245,5002,-1.0,39,-0.0193,0.0209,92.31
245,5001,0.33333333333333337,93,0.0712,0.058,67.74
245,5000,-0.33333333333333326,62,-0.0293,0.0293,77.42
245,5003,1.0,104,-0.0762,0.0567,35.58
246,5001,0.33333333333333337,70,0.0189,0.0158,72.86
246,5000,-1.0,47,-0.0612,0.0483,61.7
246,5003,1.0,91,0.0369,0.0254,34.07
246,5002,-0.33333333333333326,70,-0.0588,0.0483,50.0
247,5003,-0.33333333333333326,126,0.0513,0.0403,57.14
247,5001,0.33333333333333337,127,-0.0563,0.0442,61.419999999999995
247,5002,-1.0,68,0.0613,0.0482,67.65
247,5000,1.0,155,0.079,0.0545,20.0
248,5002,-1.0,59,0.0456,0.0405,74.58
248,5000,-0.33333333333333326,81,0.0304,0.0238,54.32
248,5001,0.33333333333333337,195,-0.1149,0.0804,46.150000000000006
248,5003,1.0,195,0.0227,0.0164,18.459999999999997
249,5002,1.0,144,0.0409,0.0281,27.08
249,5001,-1.0,52,0.026,0.0271,100.0
249,5003,-0.33333333333333326,81,0.05,0.0404,72.84
249,5000,0.33333333333333337,131,-0.0044,0.006,54.2
250,5003,-1.0,50,0.0461,0.0392,88.0
250,5000,-0.33333333333333326,76,0.0614,0.0496,68.42
250,5002,1.0,91,0.0222,0.0167,34.07
250,5001,0.33333333333333337,78,-0.0345,0.0281,66.67
251,5002,-1.0,55,0.051,0.0417,94.55
251,5003,0.33333333333333337,104,-0.0435,0.0318,49.04
251,5000,-0.33333333333333326,76,-0.0178,0.017,77.63
251,5001,1.0,116,-0.0023,0.0054,32.76
253,5000,-1.0,116,-0.024,0.02,51.72
253,5002,0.33333333333333337,135,-0.0081,0.0087,74.81
253,5003,-0.33333333333333326,178,-0.0585,0.0436,56.18
253,5001,1.0,179,0.0023,0.0078,30.17
254,5002,-0.33333333333333326,60,0.0482,0.0399,76.67
254,5000,-1.0,54,-0.0388,0.0301,66.67
254,5003,0.33333333333333337,106,0.0045,0.003,44.34
254,5001,1.0,91,-0.0398,0.0303,45.050000000000004
255,5000,-1.0,59,-0.0552,0.0443,67.80000000000001
255,5001,-0.33333333333333326,66,0.0091,0.0076,95.45
255,5003,1.0,92,0.0542,0.0369,28.26
255,5002,0.33333333333333337,79,0.0352,0.0273,50.629999999999995
256,5001,-1.0,47,0.0648,0.0444,72.34
256,5003,0.33333333333333337,125,0.0154,0.0126,61.6
256,5002,1.0,139,0.0157,0.0133,35.97
256,5000,-0.33333333333333326,100,-0.001,0.0036,74.0
257,5002,-0.33333333333333326,76,-0.0175,0.0146,69.74000000000001
257,5000,-1.0,45,0.058,0.0474,68.89
257,5001,0.33333333333333337,100,-0.0348,0.0264,35.0
257,5003,1.0,103,0.0636,0.0466,33.01
258,5002,-1.0,29,0.0748,0.0725,79.31
258,5000,-0.33333333333333326,46,0.0493,0.0414,69.57
258,5003,1.0,101,0.0764,0.0534,26.729999999999997
258,5001,0.33333333333333337,114,0.0479,0.0307,45.61
259,5003,-1.0,49,-0.0212,0.0191,75.51
259,5001,-0.33333333333333326,48,0.0673,0.0646,64.58
259,5002,0.33333333333333337,175,-0.0918,0.0645,33.14
259,5000,1.0,174,-0.0124,0.0104,32.76
260,5003,-0.33333333333333326,78,-0.0329,0.0299,84.61999999999999
260,5001,-1.0,61,-0.1034,0.0834,62.3
260,5002,1.0,171,0.0561,0.039,22.81
260,5000,0.33333333333333337,151,-0.0166,0.0119,41.72
261,5002,-1.0,96,0.033,0.0267,72.92
261,5000,-0.33333333333333326,128,0.0306,0.0253,62.5
261,5001,0.33333333333333337,169,-0.0782,0.0597,44.379999999999995
261,5003,1.0,158,-0.0443,0.0359,45.57
262,5000,-1.0,65,0.0115,0.0091,67.69
262,5003,0.33333333333333337,94,0.0479,0.0358,43.62
262,5001,1.0,108,0.0564,0.0383,29.630000000000003
262,5002,-0.33333333333333326,78,0.0687,0.0545,66.67
263,5003,-1.0,125,0.0067,0.0062,39.2
263,5001,-0.33333333333333326,142,-0.0408,0.0303,42.96
263,5002,1.0,166,0.0621,0.0439,40.96
263,5000,0.33333333333333337,120,-0.0231,0.0214,79.17
264,5000,-1.0,32,-0.0495,0.0562,100.0
264,5001,-0.33333333333333326,76,-0.0547,0.0454,72.37
264,5002,0.33333333333333337,109,-0.0251,0.0192,34.86
264,5003,1.0,124,0.0557,0.0379,26.61
265,5003,-1.0,35,0.0278,0.0215,91.43
265,5000,1.0,80,-0.0073,0.0058,36.25
265,5001,-0.33333333333333326,54,0.0474,0.0511,79.63
265,5002,0.33333333333333337,68,-0.0532,0.0445,82.35
266,5003,-1.0,65,-0.0361,0.0324,75.38
266,5002,1.0,111,0.0148,0.0158,23.419999999999998
266,5000,-0.33333333333333326,110,0.0885,0.0631,56.36
266,5001,0.33333333333333337,107,-0.0771,0.0596,60.75000000000001
267,5001,-1.0,86,0.0503,0.0406,81.39999999999999
267,5003,0.33333333333333337,117,-0.0951,0.0808,85.47
267,5002,1.0,145,0.092,0.0669,44.14
267,5000,-0.33333333333333326,127,-0.0646,0.0521,55.910000000000004
268,5002,-0.33333333333333326,115,0.0038,0.006,61.739999999999995
268,5001,1.0,131,-0.05,0.0362,50.38
268,5000,-1.0,80,-0.0782,0.0609,70.0
268,5003,0.33333333333333337,116,-0.0442,0.0351,46.550000000000004
269,5001,-1.0,82,0.0277,0.0228,60.980000000000004
269,5003,-0.33333333333333326,118,-0.0198,0.015,50.849999999999994
269,5000,0.33333333333333337,132,0.0247,0.0188,50.0
269,5002,1.0,135,0.0059,0.005,48.89
270,5003,-0.33333333333333326,57,-0.0523,0.0416,54.39000000000001
270,5001,-1.0,37,-0.018,0.0163,91.89
270,5002,0.33333333333333337,87,-0.0471,0.0343,56.32
270,5000,1.0,93,0.0007,0.0078,27.96
271,5003,-1.0,47,0.0692,0.0651,89.36
271,5001,-0.33333333333333326,60,-0.0083,0.0068,75.0
271,5000,0.33333333333333337,89,-0.0004,0.0055,64.03999999999999
271,5002,1.0,92,-0.0342,0.0245,28.26
272,5002,-1.0,77,0.0685,0.0644,79.22
272,5000,0.33333333333333337,125,0.0063,0.0058,77.60000000000001
272,5003,-0.33333333333333326,141,0.0411,0.0316,39.01
272,5001,1.0,177,-0.011,0.0088,29.94
273,5001,-0.33333333333333326,96,0.0275,0.0238,76.03999999999999
273,5003,-1.0,99,-0.0708,0.0559,55.559999999999995
273,5000,0.33333333333333337,170,0.0381,0.028,42.35
273,5002,1.0,179,0.0138,0.0101,29.049999999999997
274,5001,-1.0,72,0.047,0.0433,87.5
274,5002,0.33333333333333337,175,-0.0185,0.0131,42.29
274,5000,1.0,163,-0.0389,0.0299,34.36
274,5003,-0.33333333333333326,114,0.0359,0.0348,67.54
275,5003,-1.0,64,-0.0266,0.0208,56.25
275,5001,-0.33333333333333326,83,-0.0334,0.0254,59.040000000000006
275,5002,1.0,100,-0.0366,0.028,51.0
275,5000,0.33333333333333337,92,-0.0616,0.0474,50.0
276,5003,-1.0,72,0.0693,0.0522,52.78
276,5002,-0.33333333333333326,116,-0.0078,0.0101,54.31
276,5000,0.33333333333333337,141,0.0643,0.0441,43.26
276,5001,1.0,150,-0.0248,0.0173,24.67
277,5000,-1.0,62,0.0211,0.0162,69.35
277,5002,-0.33333333333333326,76,-0.0394,0.0332,65.79
277,5001,0.33333333333333337,166,-0.0253,0.0171,44.58
277,5003,1.0,142,-0.0818,0.0623,33.800000000000004
278,5003,-0.33333333333333326,104,0.0222,0.0187,65.38000000000001
278,5001,-1.0,109,0.0589,0.0442,55.96
278,5000,0.33333333333333337,173,-0.0817,0.0603,34.1
278,5002,1.0,169,-0.0114,0.0091,39.050000000000004
279,5001,-0.33333333333333326,84,0.0107,0.011,86.9
279,5002,0.33333333333333337,142,0.0431,0.0349,62.68
279,5003,-1.0,87,-0.0303,0.028,93.10000000000001
279,5000,1.0,172,-0.0559,0.0401,27.91
280,5002,0.33333333333333337,83,-0.0282,0.0229,66.27
280,5001,-1.0,58,-0.0145,0.0122,68.97
280,5003,-0.33333333333333326,69,-0.0439,0.0332,60.870000000000005
280,5000,1.0,106,-0.041,0.0282,30.19
281,5002,0.33333333333333337,98,0.0535,0.0465,89.8
281,5003,-1.0,49,0.054,0.0599,89.8
281,5001,-0.33333333333333326,96,-0.0491,0.035,44.79
281,5000,1.0,125,-0.0168,0.0126,44.800000000000004
282,5000,-1.0,91,-0.0354,0.0362,86.81
282,5003,-0.33333333333333326,121,0.0665,0.0543,71.07
282,5001,1.0,246,0.0025,0.0027,23.169999999999998
282,5002,0.33333333333333337,244,0.019,0.0144,30.740000000000002
283,5002,-1.0,47,-0.0681,0.0517,68.08999999999999
283,5001,0.33333333333333337,111,-0.0267,0.0187,38.74
283,5003,1.0,118,-0.06,0.0399,28.810000000000002
283,5000,-0.33333333333333326,85,0.034,0.0291,81.17999999999999
284,5002,-0.33333333333333326,78,0.0176,0.0161,79.49000000000001
284,5003,0.33333333333333337,137,0.0165,0.0126,40.88
284,5001,1.0,148,0.0531,0.0382,37.84
284,5000,-1.0,104,0.0371,0.0266,62.5
285,5002,-1.0,66,-0.0525,0.0385,63.63999999999999
285,5000,-0.33333333333333326,49,-0.0552,0.0541,77.55
285,5003,1.0,249,-0.0136,0.0119,16.06
285,5001,0.33333333333333337,254,0.0369,0.0252,32.68
286,5000,-1.0,84,-0.0604,0.0486,86.9
286,5002,0.33333333333333337,116,-0.011,0.0091,74.14
286,5003,-0.33333333333333326,116,0.0366,0.0276,60.34
286,5001,1.0,142,-0.0081,0.0069,46.48
287,5001,-0.33333333333333326,43,-0.0265,0.0196,60.47
287,5003,-1.0,23,0.0035,0.0037,100.0
287,5000,1.0,170,-0.0206,0.0147,16.470000000000002
287,5002,0.33333333333333337,170,0.0905,0.061,31.759999999999998
288,5001,-1.0,52,-0.0801,0.0634,100.0
288,5002,-0.33333333333333326,106,-0.0567,0.0488,82.08
288,5000,1.0,133,0.0572,0.0416,48.120000000000005
288,5003,0.33333333333333337,140,-0.0606,0.0422,17.86
289,5003,-1.0,27,-0.0406,0.0311,88.89
289,5000,0.33333333333333337,85,0.0231,0.0238,61.18
289,5002,1.0,110,0.0957,0.0627,20.91
289,5001,-0.33333333333333326,84,0.0765,0.0559,44.05
290,5000,-0.33333333333333326,70,-0.0649,0.053,62.86000000000001
290,5001,0.33333333333333337,74,0.0912,0.0755,67.57
290,5003,-1.0,53,-0.0777,0.0656,94.34
290,5002,1.0,92,-0.0627,0.0437,27.169999999999998
291,5002,-1.0,31,0.0549,0.0532,100.0
291,5003,0.33333333333333337,117,0.0536,0.0394,71.78999999999999
291,5001,1.0,128,-0.072,0.0503,27.339999999999996
291,5000,-0.33333333333333326,104,-0.024,0.0188,59.62
292,5003,-1.0,38,0.0726,0.0555,76.32
292,5002,-0.33333333333333326,88,0.0108,0.0093,35.23
292,5000,1.0,137,0.0447,0.0335,36.5
292,5001,0.33333333333333337,145,-0.0289,0.021,33.1
293,5002,-0.33333333333333326,101,-0.0198,0.0194,74.26
293,5000,-1.0,114,0.0156,0.0132,66.67
293,5003,0.33333333333333337,171,-0.0634,0.0464,44.440000000000005
293,5001,1.0,182,-0.0102,0.0104,25.27
294,5000,-1.0,43,0.069,0.056,46.51
294,5003,0.33333333333333337,77,-0.0386,0.0308,50.64999999999999
294,5002,1.0,93,0.0201,0.0149,32.26
294,5001,-0.33333333333333326,70,-0.0221,0.0205,74.29
295,5002,-1.0,48,0.0018,0.0015,83.33
295,5000,-0.33333333333333326,63,-0.0752,0.0611,61.9
295,5003,0.33333333333333337,75,0.0626,0.0443,48.0
295,5001,1.0,82,0.0567,0.0387,26.83
296,5002,-1.0,60,-0.0683,0.0661,75.0
296,5000,-0.33333333333333326,95,-0.0276,0.0223,41.05
296,5001,0.33333333333333337,108,-0.006,0.0056,61.11
296,5003,1.0,120,-0.0449,0.0324,60.83
297,5000,-1.0,56,0.0256,0.0222,92.86
297,5002,-0.33333333333333326,99,0.0743,0.0559,53.54
297,5003,0.33333333333333337,95,-0.0705,0.0568,43.16
297,5001,1.0,113,-0.0712,0.051,23.89
298,5003,-1.0,48,0.0917,0.068,35.42
298,5002,1.0,112,-0.0448,0.0356,32.14
298,5001,-0.33333333333333326,97,-0.0589,0.0443,70.1
298,5000,0.33333333333333337,105,0.0652,0.0543,86.67
299,5000,-1.0,63,-0.0208,0.0168,52.38
299,5002,-0.33333333333333326,66,0.0549,0.0502,86.36
299,5003,0.33333333333333337,135,-0.0269,0.019,28.15
299,5001,1.0,139,-0.0763,0.0538,22.3
300,5002,-1.0,83,0.028,0.0228,89.16
300,5000,0.33333333333333337,95,-0.0478,0.0457,87.37
300,5003,-0.33333333333333326,101,0.0155,0.0126,55.45
300,5001,1.0,133,-0.0386,0.0281,28.57
301,5001,-1.0,45,-0.0091,0.0094,77.78
301,5003,-0.33333333333333326,49,0.04,0.0332,81.63
301,5002,1.0,141,-0.0958,0.0656,26.950000000000003
301,5000,0.33333333333333337,150,0.0949,0.0623,26.669999999999998
302,5001,-1.0,41,-0.039,0.0331,87.8
302,5003,-0.33333333333333326,84,0.0478,0.0388,54.76
302,5002,1.0,115,0.0784,0.0541,33.040000000000006
302,5000,0.33333333333333337,105,0.0352,0.0267,32.379999999999995
303,5003,-1.0,64,0.0282,0.0227,100.0
303,5001,-0.33333333333333326,92,0.0212,0.0184,57.60999999999999
303,5000,1.0,127,-0.0008,0.0048,41.730000000000004
303,5002,0.33333333333333337,126,-0.0489,0.0361,49.21
304,5002,-0.33333333333333326,104,0.076,0.0529,53.849999999999994
304,5000,-1.0,58,0.0692,0.0604,68.97
304,5001,0.33333333333333337,134,-0.0111,0.0093,48.51
304,5003,1.0,146,-0.0041,0.0038,35.620000000000005
305,5002,-1.0,52,-0.0747,0.0568,53.849999999999994
305,5000,0.33333333333333337,72,0.0108,0.0094,69.44
305,5001,-0.33333333333333326,76,0.0879,0.0691,56.58
305,5003,1.0,93,0.0648,0.0459,31.180000000000003
306,5001,-1.0,59,-0.0265,0.0201,84.75
306,5003,-0.33333333333333326,120,-0.0843,0.0707,88.33
306,5002,1.0,155,-0.0717,0.0497,22.58
306,5000,0.33333333333333337,150,-0.0139,0.0098,32.0
307,5001,-0.33333333333333326,60,-0.0413,0.0377,90.0
307,5003,-1.0,63,-0.0634,0.0509,42.86
307,5000,0.33333333333333337,176,0.0075,0.0053,16.48
307,5002,1.0,164,-0.0791,0.0587,43.29
308,5000,-1.0,57,0.0619,0.0474,61.4
308,5002,0.33333333333333337,120,0.0299,0.0219,55.00000000000001
308,5003,-0.33333333333333326,84,0.0506,0.0389,36.9
308,5001,1.0,125,-0.1016,0.0723,24.8
309,5000,-1.0,44,0.0281,0.0203,88.64
309,5002,-0.33333333333333326,50,-0.0466,0.0367,76.0
309,5003,0.33333333333333337,84,0.0788,0.0619,46.43
309,5001,1.0,93,-0.0899,0.0667,48.39
310,5003,-1.0,79,-0.0627,0.056,92.41
310,5001,-0.33333333333333326,115,-0.0593,0.0578,84.35000000000001
310,5000,0.33333333333333337,129,-0.0145,0.0133,64.34
310,5002,1.0,147,-0.0719,0.0573,43.54
311,5000,-0.33333333333333326,50,-0.0146,0.014,88.0
311,5002,-1.0,66,-0.0005,0.0028,36.36
311,5003,0.33333333333333337,85,0.0668,0.055,63.53
311,5001,1.0,100,-0.0377,0.0284,30.0
312,5001,-1.0,59,0.0266,0.0209,61.019999999999996
312,5002,-0.33333333333333326,69,0.0443,0.0367,95.65
312,5003,0.33333333333333337,92,0.0989,0.0705,36.96
312,5000,1.0,100,0.0477,0.0331,35.0
313,5003,-0.33333333333333326,61,-0.041,0.0333,75.41
313,5001,-1.0,38,-0.0819,0.0662,89.47
313,5002,1.0,197,0.0381,0.0273,18.78
313,5000,0.33333333333333337,187,-0.0944,0.0668,33.69
314,5002,-1.0,60,-0.026,0.0206,70.0
314,5000,-0.33333333333333326,92,0.0354,0.0312,79.35
314,5001,0.33333333333333337,218,0.0064,0.008,27.060000000000002
314,5003,1.0,215,0.0161,0.0112,17.669999999999998
315,5002,-1.0,37,0.0769,0.0635,91.89
315,5000,-0.33333333333333326,49,-0.0365,0.0281,75.51
315,5001,1.0,138,-0.0099,0.008,16.669999999999998
315,5003,0.33333333333333337,129,0.0883,0.0619,36.43
316,5003,-1.0,29,0.044,0.0344,89.66
316,5001,-0.33333333333333326,51,0.0483,0.0378,82.35
316,5002,1.0,65,-0.0144,0.0112,41.54
316,5000,0.33333333333333337,63,0.0373,0.0302,73.02
317,5003,-0.33333333333333326,63,-0.0124,0.0088,71.43
317,5001,-1.0,41,-0.0009,0.0023,78.05
317,5000,1.0,88,0.048,0.0329,28.410000000000004
317,5002,0.33333333333333337,77,-0.0527,0.0399,45.45
318,5000,-1.0,54,-0.0227,0.0218,100.0
318,5002,0.33333333333333337,114,-0.0223,0.0186,59.650000000000006
318,5003,1.0,124,0.0031,0.0036,35.480000000000004
318,5001,-0.33333333333333326,113,0.0784,0.0615,61.95
319,5002,-1.0,42,-0.0077,0.0062,78.57
319,5001,1.0,103,0.097,0.0683,29.13
319,5000,-0.33333333333333326,65,-0.0082,0.0086,87.69
319,5003,0.33333333333333337,97,0.0662,0.0475,51.55
320,5001,-1.0,79,0.0744,0.0569,60.760000000000005
320,5002,1.0,113,-0.0262,0.0191,29.2
320,5003,-0.33333333333333326,80,-0.0572,0.0507,78.75
320,5000,0.33333333333333337,115,-0.1074,0.0772,28.7
321,5001,-1.0,46,0.0704,0.0591,65.22
321,5003,-0.33333333333333326,55,0.0054,0.0051,80.0
321,5002,0.33333333333333337,87,0.0026,0.0037,55.169999999999995
321,5000,1.0,84,-0.0304,0.0227,42.86
322,5002,-1.0,92,0.0028,0.008,60.870000000000005
322,5001,0.33333333333333337,135,0.0427,0.0302,39.26
322,5003,1.0,127,-0.0098,0.0079,42.52
322,5000,-0.33333333333333326,100,0.014,0.0141,68.0
323,5001,-1.0,49,0.0256,0.0189,87.76
323,5002,1.0,76,-0.0072,0.0074,52.629999999999995
323,5000,0.33333333333333337,65,0.0241,0.0239,73.85000000000001
323,5003,-0.33333333333333326,51,0.0145,0.0153,92.16
324,5001,-1.0,52,0.0313,0.0242,88.46000000000001
324,5002,-0.33333333333333326,118,-0.0137,0.0116,54.24
324,5003,0.33333333333333337,176,-0.0496,0.0349,26.14
324,5000,1.0,165,-0.081,0.0598,32.12
325,5002,-1.0,38,-0.0529,0.0478,86.83999999999999
325,5000,-0.33333333333333326,99,0.0584,0.0481,73.74000000000001
325,5001,1.0,131,0.0672,0.0462,28.24
325,5003,0.33333333333333337,115,-0.0795,0.0597,53.04
326,5002,-1.0,46,-0.005,0.0036,34.78
326,5001,-0.33333333333333326,155,-0.0267,0.0191,39.35
326,5000,0.33333333333333337,110,-0.0369,0.0325,76.36
326,5003,1.0,149,0.0461,0.0323,20.13
327,5002,0.33333333333333337,137,0.0148,0.0136,48.91
327,5001,-0.33333333333333326,62,0.0476,0.0407,62.9
327,5000,-1.0,54,-0.0112,0.0091,81.47999999999999
327,5003,1.0,133,0.0874,0.0616,26.32
328,5002,-0.33333333333333326,65,0.0652,0.0534,76.92
328,5001,-1.0,43,-0.0253,0.0217,86.05000000000001
328,5000,1.0,82,0.0111,0.0094,31.71
328,5003,0.33333333333333337,84,-0.0104,0.0077,54.76
329,5002,-0.33333333333333326,102,-0.0681,0.0525,63.73
329,5001,0.33333333333333337,175,-0.025,0.0184,33.14
329,5000,-1.0,72,-0.0751,0.0583,55.559999999999995
329,5003,1.0,170,-0.0951,0.0694,24.12
330,5002,-1.0,45,0.0005,0.0006,100.0
330,5003,-0.33333333333333326,56,-0.0338,0.0332,83.93
330,5001,1.0,115,-0.002,0.004,41.74
330,5000,0.33333333333333337,112,-0.0294,0.0211,39.290000000000006
331,5001,-1.0,64,0.0339,0.0255,79.69000000000001
331,5003,0.33333333333333337,93,-0.0069,0.007,64.52
331,5000,-0.33333333333333326,97,-0.034,0.0279,65.98
331,5002,1.0,117,-0.0894,0.0645,35.04
332,5002,-0.33333333333333326,88,-0.0404,0.0291,75.0
332,5000,-1.0,59,-0.0694,0.0519,54.24
332,5001,0.33333333333333337,97,-0.0423,0.0347,80.41
332,5003,1.0,113,-0.0587,0.0422,30.09
333,5002,-1.0,31,0.0431,0.032,80.65
333,5000,-0.33333333333333326,55,-0.0095,0.0103,81.82000000000001
333,5003,0.33333333333333337,54,0.0654,0.0522,83.33
333,5001,1.0,58,0.0581,0.0458,36.21
334,5000,0.33333333333333337,118,-0.0376,0.0394,84.75
334,5003,-0.33333333333333326,115,0.03,0.0276,77.39
334,5001,-1.0,127,-0.0004,0.0089,61.419999999999995
334,5002,1.0,169,0.0061,0.0054,18.34
335,5000,-1.0,49,0.0387,0.0335,59.18
335,5003,0.33333333333333337,67,0.0133,0.0138,88.06
335,5002,1.0,111,0.0685,0.0489,29.73
335,5001,-0.33333333333333326,95,0.0272,0.0213,56.84
336,5001,-0.33333333333333326,71,-0.0159,0.0144,91.55
336,5003,-1.0,60,-0.0006,0.003,63.33
336,5000,0.33333333333333337,114,0.0492,0.0362,49.120000000000005
336,5002,1.0,122,0.0279,0.0209,28.689999999999998
337,5002,0.33333333333333337,96,-0.0023,0.0068,67.71000000000001
337,5003,-0.33333333333333326,100,0.0759,0.0583,75.0
337,5001,-1.0,83,0.0123,0.0124,56.63
337,5000,1.0,124,0.0166,0.0139,29.03
338,5001,-1.0,35,-0.069,0.0531,65.71000000000001
338,5002,0.33333333333333337,70,0.0293,0.0219,25.71
338,5003,-0.33333333333333326,46,-0.0777,0.0596,80.43
338,5000,1.0,87,-0.1106,0.0727,35.63
339,5001,-1.0,33,-0.0035,0.0036,72.72999999999999
339,5002,0.33333333333333337,79,-0.0289,0.0221,64.56
339,5003,-0.33333333333333326,59,0.0471,0.0404,86.44
339,5000,1.0,87,-0.0968,0.0703,39.08
340,5001,-1.0,59,0.0462,0.0371,59.31999999999999
340,5003,-0.33333333333333326,57,-0.0788,0.0722,61.4
340,5002,1.0,150,0.0755,0.0523,33.33
340,5000,0.33333333333333337,145,0.0445,0.0316,32.41
341,5002,-0.33333333333333326,61,-0.0075,0.0077,70.49
341,5000,-1.0,48,0.0498,0.0423,77.08
341,5001,1.0,96,0.0811,0.0671,38.54
341,5003,0.33333333333333337,107,0.0739,0.0549,39.25
342,5002,-1.0,56,-0.0135,0.0125,64.29
342,5001,1.0,89,0.0312,0.0245,59.550000000000004
342,5003,0.33333333333333337,84,0.042,0.0338,61.9
342,5000,-0.33333333333333326,77,-0.0219,0.0172,45.45
343,5002,-1.0,40,-0.0191,0.0163,77.5
343,5003,0.33333333333333337,59,-0.0268,0.0215,49.15
343,5000,-0.33333333333333326,53,-0.0757,0.0566,60.38
343,5001,1.0,75,-0.0253,0.0173,34.67
344,5003,-1.0,48,0.0977,0.0725,56.25
344,5002,-0.33333333333333326,81,0.0133,0.0107,61.73
344,5001,0.33333333333333337,72,0.0661,0.0566,76.39
344,5000,1.0,97,-0.0694,0.0476,22.68
345,5001,-1.0,45,-0.0069,0.0051,91.11
345,5002,-0.33333333333333326,167,0.0678,0.0484,51.5
345,5000,1.0,186,-0.0611,0.0441,24.73
345,5003,0.33333333333333337,145,-0.0745,0.0644,67.58999999999999
346,5002,-1.0,26,-0.0651,0.0559,100.0
346,5001,0.33333333333333337,131,-0.075,0.053,38.93
346,5000,-0.33333333333333326,96,0.0067,0.0068,45.83
346,5003,1.0,121,-0.033,0.0247,54.55
347,5003,-0.33333333333333326,77,-0.0464,0.0371,67.53
347,5002,0.33333333333333337,90,0.0665,0.052,63.33
347,5001,-1.0,51,0.0651,0.0546,68.63
347,5000,1.0,99,0.0226,0.0169,32.32
348,5003,-0.33333333333333326,73,0.0528,0.048,82.19
348,5001,-1.0,67,-0.0432,0.0382,82.09
348,5002,0.33333333333333337,95,-0.0597,0.0478,55.78999999999999
348,5000,1.0,106,-0.0112,0.0084,33.019999999999996
349,5003,0.33333333333333337,97,0.0216,0.0175,70.1
349,5002,-1.0,63,-0.0169,0.0159,68.25
349,5001,-0.33333333333333326,67,0.0582,0.0508,55.22
349,5000,1.0,117,0.0439,0.031,30.769999999999996
350,5001,-1.0,57,0.0888,0.0678,100.0
350,5000,-0.33333333333333326,83,-0.0877,0.0714,84.34
350,5003,0.33333333333333337,98,0.079,0.063,90.82000000000001
350,5002,1.0,131,-0.0896,0.0567,34.35
351,5002,-0.33333333333333326,86,-0.0165,0.0138,46.51
351,5000,-1.0,83,-0.0345,0.0289,77.11
351,5003,0.33333333333333337,118,-0.0228,0.0201,58.47
351,5001,1.0,160,-0.0104,0.01,20.0
352,5003,-1.0,41,-0.0506,0.0494,82.93
352,5001,-0.33333333333333326,52,-0.0021,0.0043,65.38000000000001
352,5002,0.33333333333333337,87,0.0083,0.007,47.13
352,5000,1.0,108,-0.0669,0.0473,26.85
353,5002,-1.0,59,-0.0122,0.0095,62.71
353,5003,-0.33333333333333326,94,-0.0553,0.0418,80.85
353,5001,1.0,119,-0.0883,0.0596,26.05
353,5000,0.33333333333333337,86,0.0618,0.0537,70.93
354,5002,-0.33333333333333326,97,0.0734,0.0615,78.35
354,5001,0.33333333333333337,122,-0.076,0.058,70.49
354,5000,-1.0,96,0.0772,0.0574,61.46
354,5003,1.0,121,-0.1025,0.078,30.580000000000002
355,5003,-0.33333333333333326,55,-0.0067,0.0054,67.27
355,5002,0.33333333333333337,66,-0.0118,0.0111,66.67
355,5001,-1.0,38,-0.0367,0.0314,100.0
355,5000,1.0,83,0.0353,0.0246,36.14
356,5000,-1.0,44,0.0136,0.0103,59.089999999999996
356,5002,-0.33333333333333326,57,-0.0694,0.0532,66.67
356,5001,0.33333333333333337,132,-0.0093,0.0077,40.150000000000006
356,5003,1.0,134,0.1143,0.0811,24.63
357,5001,-1.0,49,0.0243,0.0229,100.0
357,5002,0.33333333333333337,109,0.0713,0.0482,43.120000000000005
357,5003,-0.33333333333333326,61,-0.0555,0.0447,72.13000000000001
357,5000,1.0,106,0.0502,0.0356,23.580000000000002
358,5002,-1.0,106,-0.0168,0.0131,64.14999999999999
358,5001,0.33333333333333337,101,-0.0879,0.0742,69.31
358,5000,-0.33333333333333326,79,-0.0104,0.0103,79.75
358,5003,1.0,128,0.0518,0.0363,18.75
359,5002,-1.0,98,-0.028,0.0215,56.120000000000005
359,5000,-0.33333333333333326,90,0.0108,0.0091,61.11
359,5003,0.33333333333333337,114,0.0219,0.0193,61.4
359,5001,1.0,135,-0.0296,0.0239,20.0
360,5001,-1.0,55,0.0446,0.0366,83.64
360,5003,-0.33333333333333326,103,-0.0223,0.0169,70.87
360,5002,0.33333333333333337,100,-0.018,0.0143,60.0
360,5000,1.0,129,0.0236,0.0163,55.04
361,5003,-1.0,56,-0.0029,0.0026,87.5
361,5002,-0.33333333333333326,73,-0.071,0.0628,71.23
361,5000,1.0,122,-0.0518,0.0395,42.620000000000005
361,5001,0.33333333333333337,121,0.0101,0.0078,54.55
362,5002,0.33333333333333337,133,-0.0026,0.0025,87.22
362,5003,-0.33333333333333326,120,0.0232,0.0203,65.83
362,5001,-1.0,123,-0.0601,0.0468,60.980000000000004
362,5000,1.0,170,-0.0637,0.0468,27.060000000000002
363,5000,-1.0,92,0.0138,0.0135,86.96000000000001
363,5002,-0.33333333333333326,150,-0.0523,0.0415,51.33
363,5003,0.33333333333333337,190,0.0564,0.0385,32.629999999999995
363,5001,1.0,187,-0.0616,0.043,28.88
364,5000,0.33333333333333337,183,0.097,0.0734,41.53
364,5003,-0.33333333333333326,67,-0.0118,0.0098,71.64
364,5001,-1.0,62,-0.0379,0.0313,66.13
364,5002,1.0,204,-0.0102,0.0129,14.71
365,5003,-1.0,79,-0.0605,0.0542,48.1
365,5001,-0.33333333333333326,100,-0.0799,0.0738,75.0
365,5000,0.33333333333333337,145,0.0571,0.0416,42.07
365,5002,1.0,139,-0.0475,0.0361,26.619999999999997
366,5002,-1.0,119,-0.0011,0.0067,69.75
366,5000,-0.33333333333333326,164,-0.0074,0.0076,37.2
366,5003,0.33333333333333337,151,-0.0228,0.0193,70.86
366,5001,1.0,180,0.0361,0.0259,45.56
367,5002,-1.0,81,-0.0545,0.0425,50.62
367,5003,0.33333333333333337,103,-0.0217,0.0171,75.73
367,5000,-0.33333333333333326,104,0.0457,0.0341,58.650000000000006
367,5001,1.0,124,-0.023,0.016,33.06
368,5000,-1.0,61,-0.0423,0.0331,68.85
368,5002,-0.33333333333333326,69,-0.022,0.0188,85.50999999999999
368,5003,0.33333333333333337,72,0.0476,0.0403,59.72
368,5001,1.0,91,-0.0626,0.0457,38.46
369,5003,-1.0,46,-0.003,0.004,82.61
369,5002,1.0,95,-0.0687,0.0539,40.0
369,5000,0.33333333333333337,78,-0.0002,0.0037,80.77
369,5001,-0.33333333333333326,94,-0.0423,0.0316,41.49
370,5003,-1.0,68,0.0452,0.0348,45.59
370,5001,-0.33333333333333326,85,0.0724,0.0607,80.0
370,5000,1.0,111,-0.0753,0.0546,45.95
370,5002,0.33333333333333337,94,-0.0724,0.0593,41.49
371,5001,0.33333333333333337,63,0.0232,0.0267,88.89
371,5000,-1.0,43,-0.0242,0.0217,69.77
371,5003,1.0,102,0.0644,0.0474,39.22
371,5002,-0.33333333333333326,97,-0.0081,0.0158,53.61
372,5001,-1.0,40,0.0467,0.0362,62.5
372,5003,-0.33333333333333326,50,-0.0561,0.0539,86.0
372,5002,1.0,72,0.0483,0.0364,34.72
372,5000,0.33333333333333337,66,-0.0203,0.0166,74.24
373,5001,-1.0,68,0.0868,0.0662,100.0
373,5002,-0.33333333333333326,67,-0.05,0.0438,89.55
373,5003,0.33333333333333337,124,-0.0141,0.0102,43.55
373,5000,1.0,111,-0.016,0.0187,27.029999999999998
374,5002,-1.0,108,-0.0542,0.0407,52.78
374,5003,0.33333333333333337,179,0.0057,0.0044,47.49
374,5000,-0.33333333333333326,126,0.0054,0.0051,50.0
374,5001,1.0,191,0.0308,0.0233,35.6
375,5000,-1.0,67,0.0737,0.0666,74.63
375,5002,-0.33333333333333326,87,0.044,0.0338,60.919999999999995
375,5001,0.33333333333333337,99,0.0177,0.0159,72.72999999999999
375,5003,1.0,126,0.029,0.0207,30.159999999999997
376,5002,-0.33333333333333326,110,0.0222,0.0179,80.0
376,5001,0.33333333333333337,84,0.006,0.0071,92.86
376,5003,1.0,125,0.0134,0.0145,50.4
376,5000,-1.0,84,0.0188,0.0164,57.14
377,5002,-0.33333333333333326,42,-0.0378,0.0378,100.0
377,5001,-1.0,35,-0.0872,0.0671,100.0
377,5003,0.33333333333333337,48,0.0074,0.007,66.67
377,5000,1.0,70,-0.0767,0.0521,50.0
378,5003,-0.33333333333333326,37,0.0228,0.019,67.57
378,5001,-1.0,42,-0.0261,0.0195,78.57
378,5002,0.33333333333333337,131,0.0408,0.0305,43.51
378,5000,1.0,146,0.0223,0.0167,21.92
379,5001,-1.0,48,0.0316,0.028,62.5
379,5003,-0.33333333333333326,60,0.03,0.0262,68.33
379,5002,0.33333333333333337,107,-0.0346,0.0233,38.32
379,5000,1.0,103,-0.0404,0.0283,35.92
380,5002,-1.0,55,-0.043,0.0313,45.45
380,5001,-0.33333333333333326,114,-0.0811,0.0608,57.89
380,5000,0.33333333333333337,89,0.0023,0.0055,80.9
380,5003,1.0,134,0.0,0.005,21.64
381,5002,0.33333333333333337,194,-0.0013,0.0085,30.930000000000003
381,5003,-0.33333333333333326,170,-0.0238,0.0238,58.24
381,5000,-1.0,56,0.0399,0.0347,58.93000000000001
381,5001,1.0,202,0.0802,0.0572,25.740000000000002
382,5001,-1.0,49,0.0471,0.0359,75.51
382,5002,0.33333333333333337,86,-0.0259,0.0222,79.07
382,5003,-0.33333333333333326,89,-0.0865,0.065,69.66
382,5000,1.0,101,-0.0349,0.0267,33.660000000000004
383,5003,-1.0,51,-0.0623,0.0522,94.12
383,5000,0.33333333333333337,146,-0.0191,0.0144,49.32
383,5002,1.0,147,0.0197,0.015,37.41
383,5001,-0.33333333333333326,110,0.0029,0.0025,64.55
384,5002,-0.33333333333333326,87,0.0244,0.0221,77.01
384,5000,-1.0,56,-0.0431,0.0417,73.21
384,5003,0.33333333333333337,137,-0.0254,0.0203,51.09
384,5001,1.0,164,-0.0287,0.02,12.8
385,5003,-0.33333333333333326,41,0.1078,0.0777,75.61
385,5000,-1.0,38,-0.0579,0.0443,86.83999999999999
385,5001,0.33333333333333337,115,-0.0382,0.0285,47.83
385,5002,1.0,131,-0.0597,0.0417,22.14
386,5000,-1.0,106,0.0565,0.0458,85.85000000000001
386,5002,-0.33333333333333326,140,-0.0562,0.0439,70.71
386,5003,1.0,162,-0.0532,0.0426,46.300000000000004
386,5001,0.33333333333333337,182,-0.1,0.0728,25.27
387,5002,-0.33333333333333326,49,0.0374,0.0398,87.76
387,5000,-1.0,49,0.0063,0.0052,81.63
387,5001,0.33333333333333337,117,-0.0618,0.0429,47.010000000000005
387,5003,1.0,116,-0.0322,0.0232,33.62
388,5002,0.33333333333333337,71,-0.0117,0.0094,53.52
388,5000,-0.33333333333333326,73,-0.0592,0.0442,58.9
388,5003,-1.0,65,-0.0609,0.0482,56.92
388,5001,1.0,70,0.0408,0.0316,44.29
389,5003,-1.0,31,-0.0366,0.0403,100.0
389,5001,-0.33333333333333326,90,-0.0453,0.0415,86.67
389,5002,1.0,153,0.0165,0.012,37.91
389,5000,0.33333333333333337,169,-0.0607,0.0412,19.53
390,5001,0.33333333333333337,123,0.0182,0.0135,26.83
390,5002,-0.33333333333333326,82,0.0107,0.0082,31.71
390,5000,-1.0,53,-0.0831,0.0623,92.45
390,5003,1.0,119,-0.0331,0.0242,38.66
391,5000,-0.33333333333333326,52,-0.0229,0.0278,100.0
391,5003,0.33333333333333337,94,-0.031,0.0248,48.94
391,5002,-1.0,64,-0.0212,0.0186,75.0
391,5001,1.0,94,0.062,0.0502,43.62
392,5001,-1.0,28,-0.0511,0.0443,100.0
392,5002,0.33333333333333337,62,-0.0468,0.036,67.74
392,5003,-0.33333333333333326,75,0.0579,0.0466,64.0
392,5000,1.0,97,-0.0971,0.0651,18.56
393,5000,-1.0,39,-0.0157,0.0164,69.23
393,5002,-0.33333333333333326,123,-0.0104,0.0104,55.279999999999994
393,5003,0.33333333333333337,115,0.023,0.0179,54.779999999999994
393,5001,1.0,133,0.0352,0.0254,48.120000000000005
394,5001,-1.0,79,0.0763,0.0754,96.2
394,5003,-0.33333333333333326,108,-0.0107,0.0091,62.03999999999999
394,5002,1.0,152,0.0417,0.0302,21.05
394,5000,0.33333333333333337,129,0.0753,0.0584,65.12
395,5003,-1.0,69,0.0511,0.0413,73.91
395,5001,-0.33333333333333326,50,0.0409,0.0294,40.0
395,5000,1.0,112,0.061,0.0448,47.32
395,5002,0.33333333333333337,82,0.0178,0.0166,89.02
396,5002,-1.0,88,-0.0025,0.0033,46.589999999999996
396,5001,0.33333333333333337,99,0.0441,0.039,69.69999999999999
396,5000,-0.33333333333333326,115,-0.0263,0.0225,52.17
396,5003,1.0,134,0.0247,0.0176,18.66
397,5003,-1.0,159,0.0743,0.0573,50.31
397,5002,-0.33333333333333326,142,0.055,0.0491,56.34
397,5001,0.33333333333333337,158,-0.0571,0.0486,65.82000000000001
397,5000,1.0,196,0.1092,0.0788,24.490000000000002
398,5001,-1.0,25,-0.0016,0.0046,80.0
398,5003,0.33333333333333337,120,0.0677,0.0595,77.5
398,5000,-0.33333333333333326,121,0.0478,0.0359,43.8
398,5002,1.0,161,-0.0281,0.02,29.189999999999998
399,5002,-1.0,92,0.0703,0.0526,55.43
399,5001,-0.33333333333333326,121,-0.0381,0.0273,44.629999999999995
399,5000,0.33333333333333337,134,0.0511,0.0403,50.0
399,5003,1.0,149,0.0505,0.0365,48.32
400,5000,-1.0,51,0.0539,0.0471,70.59
400,5003,-0.33333333333333326,91,-0.0518,0.0419,41.760000000000005
400,5002,0.33333333333333337,98,0.0206,0.0172,54.08
400,5001,1.0,132,0.0064,0.0046,18.18
401,5002,-0.33333333333333326,92,0.0241,0.0185,50.0
401,5000,-1.0,68,-0.0412,0.0349,75.0
401,5001,0.33333333333333337,98,0.0755,0.0575,46.94
401,5003,1.0,111,0.0747,0.0519,24.32
402,5003,-0.33333333333333326,38,-0.0089,0.0092,86.83999999999999
402,5000,-1.0,30,-0.0458,0.0429,100.0
402,5002,0.33333333333333337,56,0.0849,0.0709,62.5
402,5001,1.0,70,-0.0031,0.0023,44.29
403,5002,-1.0,57,0.0546,0.0466,57.89
403,5003,0.33333333333333337,132,0.0179,0.0134,34.849999999999994
403,5001,1.0,141,-0.002,0.0017,31.91
403,5000,-0.33333333333333326,121,0.0078,0.0063,33.879999999999995
404,5001,-1.0,44,0.0266,0.0202,100.0
404,5000,-0.33333333333333326,60,0.0059,0.0055,65.0
404,5002,1.0,78,0.0383,0.032,53.849999999999994
404,5003,0.33333333333333337,85,-0.0211,0.0176,51.76
406,5000,-1.0,48,0.0339,0.0339,89.58
406,5002,-0.33333333333333326,88,0.0787,0.0597,65.91
406,5001,0.33333333333333337,116,0.0397,0.0281,57.76
406,5003,1.0,112,-0.0214,0.0155,21.43
407,5000,0.33333333333333337,143,0.0569,0.0486,70.63000000000001
407,5001,-0.33333333333333326,113,-0.0297,0.0274,92.04
407,5002,1.0,186,0.0294,0.0225,26.340000000000003
407,5003,-1.0,111,-0.0581,0.0476,57.66
408,5002,-1.0,77,-0.021,0.018,74.03
408,5003,1.0,129,-0.0166,0.013,27.13
408,5000,-0.33333333333333326,77,0.0515,0.0401,59.74
408,5001,0.33333333333333337,116,0.0568,0.0429,40.52
409,5000,-0.33333333333333326,51,0.0068,0.007,70.59
409,5002,-1.0,42,0.0682,0.0536,78.57
409,5003,0.33333333333333337,81,-0.0509,0.0393,40.739999999999995
409,5001,1.0,95,-0.04,0.028,34.74
410,5001,0.33333333333333337,161,0.0522,0.0448,56.52
410,5003,-1.0,102,0.011,0.0094,53.92
410,5002,1.0,202,0.0222,0.0171,31.19
410,5000,-0.33333333333333326,206,-0.0486,0.0349,37.38
411,5002,0.33333333333333337,69,0.048,0.0375,46.379999999999995
411,5000,-1.0,58,0.0704,0.0495,50.0
411,5001,-0.33333333333333326,75,0.0011,0.0069,61.33
411,5003,1.0,75,0.0727,0.053,49.33
412,5000,-0.33333333333333326,92,0.0282,0.0265,83.7
412,5003,0.33333333333333337,177,0.0398,0.0294,45.2
412,5002,-1.0,111,-0.0038,0.0049,54.05
412,5001,1.0,189,0.0157,0.0119,19.05
413,5002,-1.0,48,-0.0448,0.0468,70.83
413,5000,-0.33333333333333326,68,0.0483,0.0404,88.24
413,5001,1.0,106,0.0311,0.0228,25.47
413,5003,0.33333333333333337,105,-0.0876,0.0638,46.67
414,5001,-1.0,74,-0.0025,0.0035,86.49
414,5003,-0.33333333333333326,96,-0.0481,0.0382,56.25
414,5002,1.0,149,-0.004,0.0084,26.169999999999998
414,5000,0.33333333333333337,137,0.0291,0.0225,51.09
415,5003,-1.0,38,-0.0008,0.0058,68.42
415,5001,-0.33333333333333326,65,-0.022,0.0157,40.0
415,5000,0.33333333333333337,122,0.0819,0.0552,35.25
415,5002,1.0,120,0.042,0.0288,32.5
416,5002,-1.0,85,0.0275,0.0238,78.82000000000001
416,5003,-0.33333333333333326,128,0.0458,0.0375,49.220000000000006
416,5001,1.0,198,0.0015,0.0084,35.86
416,5000,0.33333333333333337,226,0.0126,0.0089,30.97
417,5002,-1.0,72,-0.0131,0.0119,87.5
417,5000,0.33333333333333337,94,0.004,0.0041,77.66
417,5003,-0.33333333333333326,119,-0.0524,0.0385,75.63
417,5001,1.0,132,-0.0493,0.0344,19.7
418,5002,-0.33333333333333326,103,-0.0706,0.0636,76.7
418,5000,-1.0,111,0.0489,0.0405,58.56
418,5003,0.33333333333333337,187,-0.0183,0.0139,44.39
418,5001,1.0,198,0.0899,0.0651,21.72
419,5003,-1.0,93,-0.0111,0.0102,74.19
419,5001,-0.33333333333333326,100,-0.0351,0.0296,65.0
419,5002,1.0,160,-0.0437,0.0336,25.619999999999997
419,5000,0.33333333333333337,158,-0.0539,0.0415,48.1
420,5000,-1.0,43,0.0646,0.0548,86.05000000000001
420,5002,-0.33333333333333326,58,0.0305,0.0258,77.59
420,5001,0.33333333333333337,75,0.0803,0.0639,58.67
420,5003,1.0,85,-0.0294,0.0214,35.29
421,5003,-1.0,27,-0.0073,0.0072,88.89
421,5002,0.33333333333333337,133,0.0391,0.0283,38.35
421,5001,-0.33333333333333326,92,0.0,0.0038,58.699999999999996
421,5000,1.0,143,-0.084,0.0585,22.38
422,5003,-1.0,37,-0.0761,0.0741,100.0
422,5001,-0.33333333333333326,61,0.0896,0.0749,55.74
422,5000,0.33333333333333337,79,0.0249,0.0191,73.42
422,5002,1.0,76,0.0453,0.0358,47.370000000000005
423,5001,-0.33333333333333326,56,0.0174,0.0162,85.71
423,5000,-1.0,47,0.0126,0.0114,100.0
423,5002,0.33333333333333337,107,0.0148,0.01,38.32
423,5003,1.0,91,-0.0356,0.0328,30.769999999999996
424,5000,-0.33333333333333326,56,-0.0034,0.0042,82.14
424,5002,-1.0,45,-0.0961,0.075,64.44
424,5003,0.33333333333333337,70,-0.0293,0.0226,62.86000000000001
424,5001,1.0,85,0.0769,0.0525,25.88
425,5001,-0.33333333333333326,72,0.0055,0.0057,94.44
425,5003,-1.0,72,-0.061,0.0501,76.39
425,5000,1.0,156,-0.0422,0.033,39.1
425,5002,0.33333333333333337,167,-0.0212,0.0165,25.15
426,5002,-1.0,41,0.0438,0.0369,100.0
426,5003,-0.33333333333333326,79,-0.0212,0.0166,53.16
426,5000,0.33333333333333337,87,0.0012,0.0032,51.72
426,5001,1.0,98,0.03,0.0224,25.509999999999998
427,5003,-1.0,62,-0.0687,0.053,67.74
427,5001,-0.33333333333333326,62,-0.0613,0.0633,100.0
427,5000,0.33333333333333337,118,0.002,0.0065,55.08
427,5002,1.0,126,-0.0675,0.0488,30.159999999999997
428,5003,-1.0,108,0.0799,0.0652,47.22
428,5002,1.0,147,-0.0447,0.0349,49.66
428,5001,-0.33333333333333326,129,0.0525,0.0417,64.34
428,5000,0.33333333333333337,157,0.0088,0.0086,54.14
429,5000,0.33333333333333337,62,0.065,0.0553,75.81
429,5001,-1.0,31,-0.0689,0.0626,90.32
429,5002,1.0,77,-0.0462,0.0331,25.97
429,5003,-0.33333333333333326,60,-0.0506,0.0385,45.0
430,5000,-1.0,41,-0.0139,0.0123,92.67999999999999
430,5001,0.33333333333333337,88,0.0559,0.0409,53.410000000000004
430,5002,-0.33333333333333326,59,0.0429,0.0359,55.93
430,5003,1.0,86,-0.0429,0.0323,25.580000000000002
431,5003,0.33333333333333337,73,0.0115,0.008,35.620000000000005
431,5002,1.0,83,0.039,0.0259,25.3
431,5001,-1.0,51,0.0211,0.0193,62.74999999999999
431,5000,-0.33333333333333326,57,-0.0814,0.0622,61.4
432,5003,-1.0,53,-0.0741,0.0681,73.58
432,5001,-0.33333333333333326,69,-0.009,0.0079,79.71000000000001
432,5000,1.0,138,0.0411,0.0305,23.189999999999998
432,5002,0.33333333333333337,140,-0.0325,0.0231,41.43
433,5001,-0.33333333333333326,59,0.0448,0.0455,91.53
433,5000,0.33333333333333337,86,-0.0466,0.0406,73.26
433,5002,1.0,102,0.0139,0.0108,36.27
433,5003,-1.0,71,-0.0635,0.0483,60.56
434,5001,-1.0,62,0.0444,0.0416,82.26
434,5000,-0.33333333333333326,97,-0.0463,0.0333,42.27
434,5002,0.33333333333333337,74,0.0124,0.0121,81.08
434,5003,1.0,96,-0.023,0.0176,55.21
435,5000,-0.33333333333333326,64,0.0264,0.023,85.94000000000001
435,5002,-1.0,63,-0.0356,0.0281,61.9
435,5001,0.33333333333333337,100,-0.0184,0.0144,55.00000000000001
435,5003,1.0,103,-0.0109,0.0089,33.98
436,5002,-1.0,55,0.0564,0.0515,78.18
436,5000,-0.33333333333333326,75,-0.0514,0.0397,72.0
436,5001,0.33333333333333337,101,-0.0026,0.0037,60.4
436,5003,1.0,120,0.0083,0.0067,28.33
437,5002,-1.0,29,-0.0616,0.0518,100.0
437,5000,-0.33333333333333326,81,0.048,0.0441,75.31
437,5003,1.0,128,0.0615,0.0461,19.53
437,5001,0.33333333333333337,123,-0.0167,0.0129,60.160000000000004
438,5000,-1.0,56,-0.0132,0.0117,64.29
438,5003,0.33333333333333337,78,-0.0609,0.0536,53.849999999999994
438,5002,-0.33333333333333326,61,0.0451,0.0402,70.49
438,5001,1.0,103,0.0686,0.0496,31.069999999999997
439,5002,-0.33333333333333326,69,0.038,0.0314,66.67
439,5003,0.33333333333333337,87,0.0638,0.0488,51.72
439,5000,1.0,97,0.053,0.0383,39.18
439,5001,-1.0,51,-0.0809,0.0624,60.78
