game,player,opponent
928,Russians,Italians
929,Russians,Italians
930,Russians,Italians
931,Russians,Italians
932,Russians,Italians
933,Russians,Italians
934,Russians,Italians
935,Russians,Italians
936,Russians,Italians
937,Russians,Italians
938,Russians,Italians
939,Russians,Italians
940,Russians,Italians
941,Russians,Italians
942,Russians,Italians
943,Russians,Italians
944,Russians,Italians
945,Russians,Italians
946,Russians,Italians
947,Russians,Italians
948,Russians,Italians
949,Russians,Italians
950,Russians,Italians
951,Russians,Italians
952,Russians,Italians
953,Russians,Italians
954,Russians,Italians
955,Russians,Italians
956,Russians,Italians
957,Russians,Italians
958,Russians,Italians
959,Russians,Italians
960,Russians,Italians
961,Russians,Italians
962,Russians,Italians
963,Russians,Italians
964,Russians,Italians
965,Russians,Italians
966,Russians,Italians
967,Russians,Italians
968,Russians,Italians
969,Russians,Italians
970,Russians,Italians
971,Russians,Italians
972,Russians,Italians
973,Russians,Italians
974,Russians,Italians
975,Russians,Italians
976,Russians,Italians
977,Russians,Italians
978,Russians,Germans
979,Russians,Germans
980,Russians,Germans
981,Russians,Germans
982,Russians,Germans
983,Russians,Germans
984,Russians,Germans
985,Russians,Germans
986,Russians,Germans
987,Russians,Germans
988,Russians,Germans
989,Russians,Germans
990,Russians,Germans
991,Russians,Germans
992,Russians,Germans
993,Russians,Germans
994,Russians,Germans
995,Russians,Germans
996,Russians,Germans
997,Russians,Germans
998,Russians,Germans
999,Russians,Germans
1000,Russians,Germans
1001,Russians,Germans
1002,Russians,Germans
1003,Russians,Germans
1004,Russians,Germans
1005,Russians,Germans
1006,Russians,Germans
1007,Russians,Germans
1008,Russians,Germans
1009,Russians,Germans
1010,Russians,Germans
1011,Russians,Germans
1012,Russians,Germans
1013,Russians,Germans
1014,Russians,Germans
1015,Russians,Germans
1016,Russians,Germans
1017,Russians,Germans
1018,Russians,Germans
1019,Russians,Germans
1020,Russians,Germans
1021,Russians,Germans
1022,Russians,Germans
1023,Russians,Germans
1024,Russians,Germans
1025,Russians,Germans
1026,Russians,Germans
1027,Russians,Germans
1028,Russians,Chinese
1029,Russians,Chinese
1030,Russians,Chinese
1031,Russians,Chinese
1032,Russians,Chinese
1033,Russians,Chinese
1034,Russians,Chinese
1035,Russians,Chinese
1036,Russians,Chinese
1037,Russians,Chinese
1038,Russians,Chinese
1039,Russians,Chinese
1040,Russians,Chinese
1041,Russians,Chinese
1042,Russians,Chinese
1043,Russians,Chinese
1044,Russians,Chinese
1045,Russians,Chinese
1046,Russians,Chinese
1047,Russians,Chinese
1048,Russians,Chinese
1049,Russians,Chinese
1050,Russians,Chinese
1051,Russians,Chinese
1052,Russians,Chinese
1053,Russians,Chinese
1054,Russians,Chinese
1055,Russians,Chinese
1056,Russians,Chinese
1057,Russians,Chinese
1058,Russians,Chinese
1059,Russians,Chinese
1060,Russians,Chinese
1061,Russians,Chinese
1062,Russians,Chinese
1063,Russians,Chinese
1064,Russians,Chinese
1065,Russians,Chinese
1066,Russians,Chinese
1067,Russians,Chinese
1068,Russians,Chinese
1069,Russians,Chinese
1070,Russians,Chinese
1071,Russians,Chinese
1072,Russians,Chinese
1073,Russians,Chinese
1074,Russians,Chinese
1075,Russians,Chinese
1076,Russians,Chinese
1077,Russians,Chinese
1078,Italians,Russians
1079,Italians,Russians
1080,Italians,Russians
1081,Italians,Russians
1082,Italians,Russians
1083,Italians,Russians
1084,Italians,Russians
1085,Italians,Russians
1086,Italians,Russians
1087,Italians,Russians
1088,Italians,Russians
1089,Italians,Russians
1090,Italians,Russians
1091,Italians,Russians
1092,Italians,Russians
1093,Italians,Russians
1094,Italians,Russians
1095,Italians,Russians
1096,Italians,Russians
1097,Italians,Russians
1098,Italians,Russians
1099,Italians,Russians
1100,Italians,Russians
1101,Italians,Russians
1102,Italians,Russians
1103,Italians,Russians
1104,Italians,Russians
1105,Italians,Russians
1106,Italians,Russians
1107,Italians,Russians
1108,Italians,Russians
1109,Italians,Russians
1110,Italians,Russians
1111,Italians,Russians
1112,Italians,Russians
1113,Italians,Russians
1114,Italians,Russians
1115,Italians,Russians
1116,Italians,Russians
1117,Italians,Russians
1118,Italians,Russians
1119,Italians,Russians
1120,Italians,Russians
1121,Italians,Russians
1122,Italians,Russians
1123,Italians,Russians
1124,Italians,Russians
1125,Italians,Russians
1126,Italians,Russians
1127,Italians,Russians
1128,Italians,Germans
1129,Italians,Germans
1130,Italians,Germans
1131,Italians,Germans
1132,Italians,Germans
1133,Italians,Germans
1134,Italians,Germans
1135,Italians,Germans
1136,Italians,Germans
1137,Italians,Germans
1138,Italians,Germans
1139,Italians,Germans
1140,Italians,Germans
1141,Italians,Germans
1142,Italians,Germans
1143,Italians,Germans
1144,Italians,Germans
1145,Italians,Germans
1146,Italians,Germans
1147,Italians,Germans
1148,Italians,Germans
1149,Italians,Germans
1150,Italians,Germans
1151,Italians,Germans
1152,Italians,Germans
1153,Italians,Germans
1154,Italians,Germans
1155,Italians,Germans
1156,Italians,Germans
1157,Italians,Germans
1158,Italians,Germans
1159,Italians,Germans
1160,Italians,Germans
1161,Italians,Germans
1162,Italians,Germans
1163,Italians,Germans
1164,Italians,Germans
1165,Italians,Germans
1166,Italians,Germans
1167,Italians,Germans
1168,Italians,Germans
1169,Italians,Germans
1170,Italians,Germans
1171,Italians,Germans
1172,Italians,Germans
1173,Italians,Germans
1174,Italians,Germans
1175,Italians,Germans
1176,Italians,Germans
1177,Italians,Germans
1178,Italians,Chinese
1179,Italians,Chinese
1180,Italians,Chinese
1181,Italians,Chinese
1182,Italians,Chinese
1183,Italians,Chinese
1184,Italians,Chinese
1185,Italians,Chinese
1186,Italians,Chinese
1187,Italians,Chinese
1188,Italians,Chinese
1189,Italians,Chinese
1190,Italians,Chinese
1191,Italians,Chinese
1192,Italians,Chinese
1193,Italians,Chinese
1194,Italians,Chinese
1195,Italians,Chinese
1196,Italians,Chinese
1197,Italians,Chinese
1198,Italians,Chinese
1199,Italians,Chinese
1200,Italians,Chinese
1201,Italians,Chinese
1202,Italians,Chinese
1203,Italians,Chinese
1204,Italians,Chinese
1205,Italians,Chinese
1206,Italians,Chinese
1207,Italians,Chinese
1208,Italians,Chinese
1209,Italians,Chinese
1210,Italians,Chinese
1211,Italians,Chinese
1212,Italians,Chinese
1213,Italians,Chinese
1214,Italians,Chinese
1215,Italians,Chinese
1216,Italians,Chinese
1217,Italians,Chinese
1218,Italians,Chinese
1219,Italians,Chinese
1220,Italians,Chinese
1221,Italians,Chinese
1222,Italians,Chinese
1223,Italians,Chinese
1224,Italians,Chinese
1225,Italians,Chinese
1226,Italians,Chinese
1227,Italians,Chinese
1228,Germans,Russians
1229,Germans,Russians
1230,Germans,Russians
1231,Germans,Russians
1232,Germans,Russians
1233,Germans,Russians
1234,Germans,Russians
1235,Germans,Russians
1236,Germans,Russians
1237,Germans,Russians
1238,Germans,Russians
1239,Germans,Russians
1240,Germans,Russians
1241,Germans,Russians
1242,Germans,Russians
1243,Germans,Russians
1244,Germans,Russians
1245,Germans,Russians
1246,Germans,Russians
1247,Germans,Russians
1248,Germans,Russians
1249,Germans,Russians
1250,Germans,Russians
1251,Germans,Russians
1252,Germans,Russians
1253,Germans,Russians
1254,Germans,Russians
1255,Germans,Russians
1256,Germans,Russians
1257,Germans,Russians
1258,Germans,Russians
1259,Germans,Russians
1260,Germans,Russians
1261,Germans,Russians
1262,Germans,Russians
1263,Germans,Russians
1264,Germans,Russians
1265,Germans,Russians
1266,Germans,Russians
1267,Germans,Russians
1268,Germans,Russians
1269,Germans,Russians
1270,Germans,Russians
1271,Germans,Russians
1272,Germans,Russians
1273,Germans,Russians
1274,Germans,Russians
1275,Germans,Russians
1276,Germans,Russians
1277,Germans,Russians
1278,Germans,Italians
1279,Germans,Italians
1280,Germans,Italians
1281,Germans,Italians
1282,Germans,Italians
1283,Germans,Italians
1284,Germans,Italians
1285,Germans,Italians
1286,Germans,Italians
1287,Germans,Italians
1288,Germans,Italians
1289,Germans,Italians
1290,Germans,Italians
1291,Germans,Italians
1292,Germans,Italians
1293,Germans,Italians
1294,Germans,Italians
1295,Germans,Italians
1296,Germans,Italians
1297,Germans,Italians
1298,Germans,Italians
1299,Germans,Italians
1300,Germans,Italians
1301,Germans,Italians
1302,Germans,Italians
1303,Germans,Italians
1304,Germans,Italians
1305,Germans,Italians
1306,Germans,Italians
1307,Germans,Italians
1308,Germans,Italians
1309,Germans,Italians
1310,Germans,Italians
1311,Germans,Italians
1312,Germans,Italians
1313,Germans,Italians
1314,Germans,Italians
1315,Germans,Italians
1316,Germans,Italians
1317,Germans,Italians
1318,Germans,Italians
1319,Germans,Italians
1320,Germans,Italians
1321,Germans,Italians
1322,Germans,Italians
1323,Germans,Italians
1324,Germans,Italians
1325,Germans,Italians
1326,Germans,Italians
1327,Germans,Italians
1328,Germans,Chinese
1329,Germans,Chinese
1330,Germans,Chinese
1331,Germans,Chinese
1332,Germans,Chinese
1333,Germans,Chinese
1334,Germans,Chinese
1335,Germans,Chinese
1336,Germans,Chinese
1337,Germans,Chinese
1338,Germans,Chinese
1339,Germans,Chinese
1340,Germans,Chinese
1341,Germans,Chinese
1342,Germans,Chinese
1343,Germans,Chinese
1344,Germans,Chinese
1345,Germans,Chinese
1346,Germans,Chinese
1347,Germans,Chinese
1348,Germans,Chinese
1349,Germans,Chinese
1350,Germans,Chinese
1351,Germans,Chinese
1352,Germans,Chinese
1353,Germans,Chinese
1354,Germans,Chinese
1355,Germans,Chinese
1356,Germans,Chinese
1357,Germans,Chinese
1358,Germans,Chinese
1359,Germans,Chinese
1360,Germans,Chinese
1361,Germans,Chinese
1362,Germans,Chinese
1363,Germans,Chinese
1364,Germans,Chinese
1365,Germans,Chinese
1366,Germans,Chinese
1367,Germans,Chinese
1368,Germans,Chinese
1369,Germans,Chinese
1370,Germans,Chinese
1371,Germans,Chinese
1372,Germans,Chinese
1373,Germans,Chinese
1374,Germans,Chinese
1375,Germans,Chinese
1376,Germans,Chinese
1377,Germans,Chinese
1378,Chinese,Russians
1379,Chinese,Russians
1380,Chinese,Russians
1381,Chinese,Russians
1382,Chinese,Russians
1383,Chinese,Russians
1384,Chinese,Russians
1385,Chinese,Russians
1386,Chinese,Russians
1387,Chinese,Russians
1388,Chinese,Russians
1389,Chinese,Russians
1390,Chinese,Russians
1391,Chinese,Russians
1392,Chinese,Russians
1393,Chinese,Russians
1394,Chinese,Russians
1395,Chinese,Russians
1396,Chinese,Russians
1397,Chinese,Russians
1398,Chinese,Russians
1399,Chinese,Russians
1400,Chinese,Russians
1401,Chinese,Russians
1402,Chinese,Russians
1403,Chinese,Russians
1404,Chinese,Russians
1405,Chinese,Russians
1406,Chinese,Russians
1407,Chinese,Russians
1408,Chinese,Russians
1409,Chinese,Russians
1410,Chinese,Russians
1411,Chinese,Russians
1412,Chinese,Russians
1413,Chinese,Russians
1414,Chinese,Russians
1415,Chinese,Russians
1416,Chinese,Russians
1417,Chinese,Russians
1418,Chinese,Russians
1419,Chinese,Russians
1420,Chinese,Russians
1421,Chinese,Russians
1422,Chinese,Russians
1423,Chinese,Russians
1424,Chinese,Russians
1425,Chinese,Russians
1426,Chinese,Russians
1427,Chinese,Russians
1428,Chinese,Italians
1429,Chinese,Italians
1430,Chinese,Italians
1431,Chinese,Italians
1432,Chinese,Italians
1433,Chinese,Italians
1434,Chinese,Italians
1435,Chinese,Italians
1436,Chinese,Italians
1437,Chinese,Italians
1438,Chinese,Italians
1439,Chinese,Italians
1440,Chinese,Italians
1441,Chinese,Italians
1442,Chinese,Italians
1443,Chinese,Italians
1444,Chinese,Italians
1445,Chinese,Italians
1446,Chinese,Italians
1447,Chinese,Italians
1448,Chinese,Italians
1449,Chinese,Italians
1450,Chinese,Italians
1451,Chinese,Italians
1452,Chinese,Italians
1453,Chinese,Italians
1454,Chinese,Italians
1455,Chinese,Italians
1456,Chinese,Italians
1457,Chinese,Italians
1458,Chinese,Italians
1459,Chinese,Italians
1460,Chinese,Italians
1461,Chinese,Italians
1462,Chinese,Italians
1463,Chinese,Italians
1464,Chinese,Italians
1465,Chinese,Italians
1466,Chinese,Italians
1467,Chinese,Italians
1468,Chinese,Italians
1469,Chinese,Italians
1470,Chinese,Italians
1471,Chinese,Italians
1472,Chinese,Italians
1473,Chinese,Italians
1474,Chinese,Italians
1475,Chinese,Italians
1476,Chinese,Italians
1477,Chinese,Italians
1478,Chinese,Germans
1479,Chinese,Germans
1480,Chinese,Germans
1481,Chinese,Germans
1482,Chinese,Germans
1483,Chinese,Germans
1484,Chinese,Germans
1485,Chinese,Germans
1486,Chinese,Germans
1487,Chinese,Germans
1488,Chinese,Germans
1489,Chinese,Germans
1490,Chinese,Germans
1491,Chinese,Germans
1492,Chinese,Germans
1493,Chinese,Germans
1494,Chinese,Germans
1495,Chinese,Germans
1496,Chinese,Germans
1497,Chinese,Germans
1498,Chinese,Germans
1499,Chinese,Germans
1500,Chinese,Germans
1501,Chinese,Germans
1502,Chinese,Germans
1503,Chinese,Germans
1504,Chinese,Germans
1505,Chinese,Germans
1506,Chinese,Germans
1507,Chinese,Germans
1508,Chinese,Germans
1509,Chinese,Germans
1510,Chinese,Germans
1511,Chinese,Germans
1512,Chinese,Germans
1513,Chinese,Germans
1514,Chinese,Germans
1515,Chinese,Germans
1516,Chinese,Germans
1517,Chinese,Germans
1518,Chinese,Germans
1519,Chinese,Germans
1520,Chinese,Germans
1521,Chinese,Germans
1522,Chinese,Germans
1523,Chinese,Germans
1524,Chinese,Germans
1525,Chinese,Germans
1526,Chinese,Germans
1527,Chinese,Germans
